,Run # 0 BSF,Run # 1 BSF,Run # 2 BSF,Run # 3 BSF,Run # 4 BSF,Run # 5 BSF,Run # 6 BSF,Run # 7 BSF,Run # 8 BSF,Run # 9 BSF,Avg BSF
0,837.0,838.0,725.0,657.0,847.0,666.0,811.0,751.0,764.0,668.0,756.4
1,851.0,838.0,771.0,926.0,847.0,643.0,836.0,751.0,764.0,641.0,786.8
2,851.0,838.0,850.0,926.0,861.0,653.0,836.0,751.0,709.0,784.0,805.9
3,851.0,838.0,862.0,987.0,847.0,653.0,836.0,826.0,787.0,702.0,818.9
4,837.0,838.0,846.0,987.0,847.0,670.0,865.0,826.0,669.0,765.0,815.0
5,837.0,838.0,846.0,987.0,847.0,684.0,836.0,826.0,666.0,702.0,806.9
6,837.0,838.0,846.0,987.0,847.0,684.0,854.0,826.0,744.0,702.0,816.5
7,797.0,838.0,937.0,987.0,847.0,684.0,836.0,826.0,781.0,704.0,823.7
8,872.0,846.0,937.0,947.0,847.0,749.0,836.0,875.0,781.0,792.0,848.2
9,797.0,846.0,937.0,926.0,847.0,749.0,836.0,913.0,781.0,792.0,842.4
10,797.0,838.0,937.0,926.0,847.0,703.0,836.0,884.0,781.0,792.0,834.1
11,797.0,838.0,937.0,926.0,847.0,703.0,836.0,875.0,839.0,832.0,843.0
12,797.0,898.0,937.0,926.0,847.0,703.0,865.0,875.0,781.0,792.0,842.1
13,797.0,898.0,937.0,926.0,909.0,743.0,860.0,875.0,781.0,792.0,851.8
14,797.0,898.0,937.0,926.0,909.0,743.0,907.0,875.0,781.0,792.0,856.5
15,797.0,898.0,937.0,987.0,909.0,743.0,836.0,915.0,816.0,792.0,863.0
16,797.0,976.0,937.0,987.0,869.0,778.0,836.0,875.0,816.0,832.0,870.3
17,797.0,976.0,937.0,987.0,869.0,743.0,927.0,915.0,816.0,815.0,878.2
18,826.0,976.0,937.0,987.0,869.0,743.0,927.0,915.0,821.0,815.0,881.6
19,797.0,961.0,937.0,987.0,869.0,743.0,927.0,875.0,821.0,815.0,873.2
20,797.0,926.0,937.0,987.0,869.0,797.0,927.0,875.0,821.0,815.0,875.1
21,797.0,923.0,962.0,987.0,869.0,797.0,967.0,875.0,859.0,815.0,885.1
22,872.0,923.0,962.0,987.0,909.0,797.0,967.0,875.0,859.0,893.0,904.4
23,947.0,923.0,937.0,995.0,869.0,797.0,967.0,915.0,899.0,893.0,914.2
24,947.0,923.0,937.0,987.0,869.0,797.0,967.0,915.0,899.0,893.0,913.4
25,947.0,923.0,937.0,987.0,869.0,797.0,967.0,915.0,899.0,893.0,913.4
26,947.0,923.0,937.0,987.0,847.0,797.0,967.0,915.0,943.0,893.0,915.6
27,947.0,923.0,937.0,987.0,847.0,797.0,927.0,875.0,899.0,893.0,903.2
28,947.0,923.0,937.0,987.0,847.0,797.0,967.0,875.0,899.0,893.0,907.2
29,947.0,923.0,937.0,987.0,847.0,797.0,927.0,915.0,899.0,893.0,907.2
30,947.0,923.0,937.0,987.0,847.0,797.0,927.0,875.0,899.0,893.0,903.2
31,947.0,923.0,937.0,987.0,847.0,762.0,927.0,875.0,943.0,893.0,904.1
32,987.0,923.0,937.0,987.0,847.0,797.0,927.0,875.0,899.0,893.0,907.2
33,987.0,923.0,977.0,987.0,847.0,797.0,927.0,875.0,899.0,893.0,911.2
34,987.0,923.0,937.0,987.0,847.0,840.0,927.0,875.0,916.0,893.0,913.2
35,872.0,923.0,937.0,987.0,847.0,797.0,927.0,875.0,934.0,893.0,899.2
36,872.0,923.0,937.0,987.0,847.0,768.0,927.0,875.0,934.0,893.0,896.3
37,872.0,938.0,937.0,987.0,847.0,782.0,927.0,875.0,934.0,893.0,899.2
38,872.0,938.0,937.0,987.0,847.0,834.0,927.0,875.0,934.0,893.0,904.4
39,916.0,938.0,937.0,987.0,847.0,797.0,927.0,875.0,951.0,818.0,899.3
40,916.0,938.0,937.0,987.0,847.0,762.0,927.0,875.0,951.0,847.0,898.7
41,916.0,938.0,937.0,987.0,847.0,762.0,927.0,915.0,951.0,818.0,899.8
42,916.0,938.0,937.0,987.0,847.0,800.0,967.0,915.0,951.0,826.0,908.4
43,916.0,938.0,937.0,987.0,847.0,800.0,967.0,875.0,951.0,826.0,904.4
44,916.0,1001.0,937.0,995.0,847.0,823.0,967.0,875.0,951.0,826.0,913.8
45,916.0,938.0,937.0,995.0,847.0,782.0,967.0,875.0,951.0,826.0,903.4
46,916.0,938.0,937.0,987.0,847.0,840.0,967.0,875.0,951.0,826.0,908.4
47,916.0,938.0,937.0,987.0,847.0,840.0,967.0,875.0,951.0,855.0,911.3
48,916.0,938.0,937.0,987.0,847.0,823.0,967.0,875.0,951.0,847.0,908.8
49,916.0,938.0,937.0,987.0,847.0,823.0,967.0,875.0,951.0,826.0,906.7
50,956.0,938.0,937.0,987.0,847.0,823.0,967.0,875.0,951.0,826.0,910.7
51,916.0,923.0,937.0,987.0,847.0,823.0,967.0,875.0,951.0,847.0,907.3
52,916.0,923.0,937.0,987.0,847.0,823.0,967.0,875.0,951.0,847.0,907.3
53,916.0,931.0,937.0,987.0,847.0,823.0,967.0,907.0,922.0,847.0,908.4
54,956.0,931.0,937.0,987.0,847.0,895.0,967.0,875.0,951.0,826.0,917.2
55,916.0,931.0,937.0,995.0,847.0,823.0,967.0,875.0,951.0,826.0,906.8
56,916.0,931.0,937.0,995.0,847.0,840.0,967.0,875.0,951.0,826.0,908.5
57,916.0,931.0,937.0,995.0,847.0,823.0,967.0,867.0,951.0,866.0,910.0
58,916.0,931.0,937.0,995.0,847.0,823.0,967.0,867.0,951.0,851.0,908.5
59,916.0,931.0,937.0,995.0,847.0,823.0,967.0,907.0,951.0,826.0,910.0
60,916.0,931.0,937.0,995.0,847.0,898.0,967.0,907.0,951.0,826.0,917.5
61,928.0,931.0,891.0,995.0,847.0,898.0,967.0,907.0,966.0,840.0,917.0
62,916.0,931.0,937.0,995.0,847.0,898.0,967.0,907.0,951.0,826.0,917.5
63,916.0,931.0,937.0,995.0,847.0,898.0,967.0,867.0,951.0,866.0,917.5
64,928.0,888.0,937.0,995.0,847.0,941.0,1016.0,867.0,951.0,866.0,923.6
65,916.0,896.0,937.0,995.0,847.0,946.0,967.0,867.0,951.0,866.0,918.8
66,916.0,911.0,937.0,995.0,847.0,946.0,967.0,867.0,951.0,866.0,920.3
67,916.0,903.0,883.0,995.0,847.0,946.0,967.0,867.0,951.0,866.0,914.1
68,916.0,913.0,891.0,995.0,889.0,946.0,967.0,867.0,951.0,866.0,920.1
69,916.0,911.0,891.0,995.0,909.0,946.0,967.0,867.0,951.0,866.0,921.9
70,916.0,896.0,891.0,995.0,909.0,946.0,967.0,867.0,951.0,866.0,920.4
71,916.0,896.0,937.0,995.0,889.0,943.0,967.0,867.0,951.0,866.0,922.7
72,916.0,896.0,929.0,995.0,889.0,943.0,952.0,867.0,951.0,887.0,922.5
73,916.0,896.0,929.0,995.0,889.0,943.0,952.0,867.0,951.0,866.0,920.4
74,924.0,940.0,929.0,995.0,889.0,883.0,892.0,867.0,951.0,866.0,913.6
75,916.0,974.0,937.0,995.0,889.0,897.0,892.0,867.0,951.0,866.0,918.4
76,916.0,896.0,929.0,995.0,964.0,897.0,892.0,867.0,951.0,866.0,917.3
77,916.0,974.0,929.0,995.0,889.0,960.0,892.0,867.0,978.0,866.0,926.6
78,916.0,974.0,929.0,995.0,889.0,897.0,892.0,875.0,951.0,866.0,918.4
79,916.0,974.0,937.0,995.0,964.0,897.0,967.0,867.0,951.0,866.0,933.4
80,916.0,974.0,929.0,995.0,889.0,897.0,967.0,867.0,1009.0,866.0,930.9
81,916.0,974.0,941.0,995.0,889.0,897.0,967.0,867.0,1009.0,866.0,932.1
82,901.0,974.0,929.0,995.0,949.0,897.0,967.0,867.0,1009.0,866.0,935.4
83,876.0,991.0,952.0,995.0,949.0,880.0,967.0,867.0,1009.0,866.0,935.2
84,876.0,896.0,952.0,995.0,949.0,880.0,967.0,867.0,1009.0,866.0,925.7
85,876.0,896.0,912.0,995.0,889.0,880.0,967.0,867.0,1009.0,866.0,915.7
86,916.0,896.0,952.0,995.0,889.0,955.0,967.0,867.0,1009.0,895.0,934.1
87,919.0,896.0,952.0,995.0,889.0,955.0,967.0,867.0,1009.0,866.0,931.5
88,916.0,931.0,952.0,995.0,889.0,955.0,967.0,867.0,1009.0,866.0,934.7
89,916.0,896.0,952.0,995.0,889.0,955.0,967.0,875.0,1009.0,866.0,932.0
90,916.0,931.0,912.0,995.0,889.0,955.0,967.0,867.0,1009.0,866.0,930.7
91,916.0,940.0,912.0,995.0,889.0,955.0,967.0,907.0,1009.0,866.0,935.6
92,916.0,896.0,912.0,995.0,889.0,964.0,967.0,907.0,1009.0,895.0,935.0
93,916.0,896.0,912.0,995.0,889.0,964.0,967.0,915.0,1009.0,895.0,935.8
94,916.0,896.0,912.0,995.0,889.0,964.0,967.0,907.0,1009.0,895.0,935.0
95,916.0,911.0,912.0,995.0,964.0,982.0,967.0,907.0,1009.0,895.0,945.8
96,916.0,940.0,929.0,995.0,964.0,972.0,967.0,907.0,1009.0,895.0,949.4
97,916.0,911.0,929.0,995.0,1004.0,964.0,967.0,907.0,1009.0,895.0,949.7
98,916.0,896.0,929.0,995.0,1004.0,982.0,967.0,867.0,1009.0,895.0,946.0
99,916.0,911.0,929.0,995.0,1004.0,955.0,927.0,867.0,1009.0,895.0,940.8
100,916.0,911.0,929.0,995.0,1004.0,955.0,967.0,867.0,1009.0,895.0,944.8
101,916.0,911.0,929.0,995.0,1004.0,1018.0,967.0,867.0,1009.0,895.0,951.1
102,916.0,989.0,947.0,995.0,1004.0,1018.0,927.0,867.0,1009.0,895.0,956.7
103,853.0,989.0,947.0,995.0,1004.0,1018.0,927.0,875.0,1009.0,895.0,951.2
104,916.0,914.0,947.0,995.0,1004.0,964.0,927.0,867.0,1009.0,895.0,943.8
105,916.0,911.0,947.0,995.0,1004.0,964.0,927.0,875.0,1009.0,895.0,944.3
106,916.0,911.0,947.0,995.0,1004.0,972.0,927.0,867.0,1009.0,895.0,944.3
107,916.0,911.0,947.0,995.0,1004.0,972.0,927.0,867.0,1009.0,895.0,944.3
108,916.0,911.0,947.0,995.0,1004.0,972.0,967.0,867.0,1009.0,895.0,948.3
109,916.0,940.0,947.0,995.0,1004.0,972.0,927.0,867.0,1009.0,895.0,947.2
110,916.0,926.0,947.0,995.0,1004.0,972.0,927.0,867.0,1009.0,895.0,945.8
111,916.0,926.0,947.0,995.0,1004.0,990.0,927.0,867.0,1009.0,947.0,952.8
112,916.0,911.0,947.0,995.0,1004.0,991.0,927.0,867.0,1009.0,947.0,951.4
113,924.0,911.0,947.0,995.0,1004.0,991.0,927.0,867.0,1009.0,947.0,952.2
114,924.0,911.0,947.0,995.0,1004.0,991.0,927.0,867.0,1009.0,947.0,952.2
115,916.0,911.0,947.0,995.0,1004.0,991.0,927.0,867.0,1009.0,895.0,946.2
116,916.0,911.0,947.0,995.0,1004.0,991.0,927.0,867.0,1009.0,895.0,946.2
117,916.0,911.0,947.0,995.0,1004.0,972.0,927.0,867.0,1009.0,895.0,944.3
118,956.0,911.0,947.0,995.0,1004.0,972.0,927.0,867.0,1009.0,895.0,948.3
119,916.0,911.0,947.0,995.0,1004.0,972.0,927.0,867.0,1009.0,895.0,944.3
120,916.0,911.0,947.0,995.0,1004.0,972.0,927.0,867.0,1009.0,895.0,944.3
121,916.0,911.0,947.0,995.0,1004.0,972.0,967.0,867.0,1009.0,895.0,948.3
122,976.0,911.0,947.0,995.0,1004.0,972.0,927.0,867.0,1009.0,887.0,949.5
123,924.0,911.0,947.0,995.0,1004.0,972.0,927.0,867.0,1009.0,887.0,944.3
124,924.0,911.0,947.0,995.0,1004.0,972.0,927.0,867.0,1009.0,887.0,944.3
125,956.0,911.0,987.0,995.0,1004.0,972.0,927.0,893.0,1009.0,887.0,954.1
126,924.0,911.0,987.0,995.0,1004.0,972.0,927.0,875.0,1009.0,887.0,949.1
127,924.0,989.0,987.0,995.0,1004.0,972.0,927.0,875.0,1009.0,887.0,956.9
128,924.0,911.0,987.0,995.0,1004.0,972.0,927.0,875.0,1009.0,887.0,949.1
129,924.0,911.0,987.0,995.0,1004.0,972.0,927.0,875.0,1009.0,887.0,949.1
130,924.0,946.0,987.0,995.0,1004.0,972.0,927.0,875.0,1009.0,887.0,952.6
131,924.0,946.0,987.0,995.0,1004.0,972.0,921.0,875.0,1009.0,887.0,952.0
132,924.0,911.0,987.0,995.0,1004.0,972.0,921.0,875.0,1009.0,887.0,948.5
133,873.0,911.0,987.0,995.0,1004.0,972.0,921.0,875.0,1009.0,887.0,943.4
134,909.0,911.0,987.0,995.0,1004.0,972.0,921.0,915.0,1009.0,887.0,951.0
135,909.0,911.0,987.0,995.0,1004.0,972.0,913.0,915.0,1009.0,887.0,950.2
136,938.0,989.0,987.0,995.0,1004.0,972.0,913.0,915.0,1009.0,887.0,960.9
137,938.0,911.0,987.0,995.0,1004.0,964.0,913.0,875.0,1009.0,887.0,948.3
138,938.0,911.0,987.0,995.0,1004.0,964.0,913.0,875.0,1009.0,887.0,948.3
139,938.0,911.0,987.0,995.0,1004.0,964.0,913.0,875.0,1009.0,887.0,948.3
140,938.0,911.0,987.0,995.0,1004.0,964.0,956.0,875.0,1009.0,887.0,952.6
141,938.0,911.0,987.0,995.0,1004.0,964.0,956.0,875.0,1009.0,887.0,952.6
142,938.0,911.0,987.0,995.0,1004.0,964.0,956.0,875.0,1009.0,887.0,952.6
143,938.0,946.0,987.0,995.0,1004.0,972.0,881.0,875.0,1009.0,887.0,949.4
144,952.0,911.0,987.0,995.0,1004.0,972.0,881.0,875.0,1009.0,887.0,947.3
145,952.0,911.0,987.0,995.0,964.0,964.0,881.0,875.0,1009.0,887.0,942.5
146,938.0,911.0,987.0,995.0,964.0,972.0,881.0,907.0,1009.0,887.0,945.1
147,938.0,911.0,995.0,995.0,964.0,972.0,906.0,875.0,1009.0,887.0,945.2
148,938.0,911.0,995.0,995.0,964.0,964.0,881.0,875.0,1001.0,887.0,941.1
149,938.0,911.0,995.0,987.0,964.0,964.0,881.0,907.0,1001.0,887.0,943.5
150,938.0,911.0,995.0,987.0,964.0,964.0,881.0,875.0,1001.0,887.0,940.3
151,938.0,911.0,995.0,987.0,964.0,964.0,881.0,875.0,1001.0,887.0,940.3
152,938.0,946.0,995.0,987.0,964.0,964.0,921.0,875.0,1001.0,887.0,947.8
153,938.0,911.0,995.0,987.0,964.0,964.0,881.0,875.0,1001.0,887.0,940.3
154,938.0,911.0,995.0,987.0,964.0,964.0,881.0,875.0,1001.0,887.0,940.3
155,938.0,911.0,995.0,987.0,964.0,964.0,881.0,875.0,1001.0,887.0,940.3
156,978.0,911.0,995.0,987.0,1004.0,964.0,881.0,875.0,1001.0,887.0,948.3
157,970.0,911.0,995.0,987.0,1004.0,964.0,881.0,875.0,1001.0,887.0,947.5
158,938.0,989.0,995.0,987.0,1004.0,964.0,881.0,875.0,1001.0,887.0,952.1
159,938.0,989.0,995.0,987.0,1004.0,964.0,881.0,875.0,972.0,887.0,949.2
160,938.0,989.0,995.0,987.0,1004.0,964.0,921.0,875.0,989.0,912.0,957.4
161,938.0,989.0,995.0,987.0,1004.0,964.0,881.0,875.0,1016.0,912.0,956.1
162,938.0,989.0,995.0,987.0,1004.0,964.0,881.0,875.0,1016.0,872.0,952.1
163,938.0,989.0,995.0,987.0,1004.0,964.0,881.0,875.0,1001.0,912.0,954.6
164,938.0,989.0,995.0,987.0,1004.0,964.0,881.0,907.0,972.0,912.0,954.9
165,938.0,989.0,995.0,987.0,1004.0,964.0,881.0,907.0,972.0,912.0,954.9
166,938.0,989.0,995.0,987.0,1004.0,964.0,881.0,875.0,972.0,912.0,951.7
167,938.0,989.0,932.0,987.0,1004.0,964.0,881.0,875.0,1001.0,912.0,948.3
168,938.0,989.0,932.0,987.0,1004.0,964.0,881.0,875.0,972.0,912.0,945.4
169,938.0,989.0,932.0,987.0,1004.0,964.0,921.0,875.0,972.0,912.0,949.4
170,938.0,989.0,932.0,987.0,1004.0,964.0,881.0,875.0,972.0,912.0,945.4
171,978.0,926.0,932.0,987.0,1004.0,987.0,921.0,875.0,980.0,912.0,950.2
172,938.0,926.0,932.0,987.0,1004.0,964.0,886.0,875.0,972.0,912.0,939.6
173,938.0,926.0,932.0,987.0,1004.0,964.0,881.0,875.0,972.0,912.0,939.1
174,903.0,926.0,932.0,987.0,1004.0,964.0,881.0,875.0,972.0,912.0,935.6
175,903.0,926.0,932.0,987.0,1004.0,964.0,881.0,875.0,972.0,912.0,935.6
176,938.0,926.0,932.0,987.0,1004.0,964.0,881.0,875.0,1001.0,920.0,942.8
177,938.0,926.0,932.0,987.0,1004.0,964.0,881.0,915.0,1001.0,920.0,946.8
178,938.0,926.0,961.0,987.0,1004.0,964.0,881.0,875.0,1001.0,920.0,945.7
179,938.0,926.0,932.0,987.0,1004.0,964.0,881.0,875.0,1001.0,920.0,942.8
180,938.0,926.0,932.0,987.0,1004.0,964.0,881.0,875.0,980.0,920.0,940.7
181,938.0,926.0,932.0,995.0,1004.0,964.0,881.0,875.0,972.0,920.0,940.7
182,938.0,926.0,953.0,995.0,1004.0,964.0,881.0,875.0,972.0,920.0,942.8
183,938.0,941.0,932.0,995.0,1004.0,964.0,881.0,875.0,972.0,920.0,942.2
184,938.0,926.0,932.0,995.0,1004.0,964.0,881.0,875.0,972.0,920.0,940.7
185,938.0,926.0,932.0,995.0,1004.0,936.0,881.0,875.0,972.0,920.0,937.9
186,938.0,989.0,932.0,987.0,1004.0,936.0,881.0,875.0,989.0,920.0,945.1
187,938.0,989.0,932.0,987.0,1004.0,987.0,881.0,875.0,989.0,920.0,950.2
188,906.0,989.0,932.0,987.0,1004.0,987.0,881.0,875.0,1016.0,920.0,949.7
189,921.0,989.0,995.0,987.0,1004.0,995.0,881.0,875.0,972.0,920.0,953.9
190,938.0,989.0,995.0,987.0,1004.0,995.0,881.0,875.0,1016.0,920.0,960.0
191,915.0,989.0,995.0,987.0,1004.0,995.0,881.0,875.0,987.0,920.0,954.8
192,915.0,989.0,995.0,987.0,1004.0,995.0,881.0,875.0,987.0,920.0,954.8
193,915.0,989.0,995.0,987.0,1004.0,995.0,881.0,875.0,972.0,920.0,953.3
194,915.0,989.0,995.0,980.0,1004.0,995.0,881.0,873.0,1001.0,920.0,955.3
195,934.0,989.0,995.0,980.0,1004.0,995.0,921.0,873.0,972.0,920.0,958.3
196,934.0,989.0,995.0,980.0,1004.0,995.0,881.0,873.0,972.0,920.0,954.3
197,934.0,989.0,995.0,980.0,1004.0,995.0,881.0,858.0,972.0,874.0,948.2
198,886.0,989.0,995.0,976.0,1004.0,995.0,881.0,858.0,1016.0,874.0,947.4
199,876.0,989.0,995.0,976.0,1004.0,995.0,881.0,858.0,1016.0,857.0,944.7
200,922.0,989.0,995.0,937.0,1004.0,995.0,881.0,858.0,972.0,857.0,941.0
201,925.0,989.0,995.0,937.0,1004.0,995.0,881.0,873.0,972.0,885.0,945.6
202,922.0,989.0,995.0,945.0,1004.0,995.0,881.0,873.0,972.0,885.0,946.1
203,922.0,989.0,995.0,966.0,1004.0,995.0,921.0,873.0,987.0,885.0,953.7
204,922.0,989.0,995.0,966.0,1004.0,995.0,921.0,873.0,972.0,900.0,953.7
205,922.0,989.0,995.0,966.0,1004.0,995.0,921.0,873.0,1001.0,900.0,956.6
206,922.0,989.0,995.0,966.0,1004.0,995.0,921.0,873.0,1001.0,871.0,953.7
207,922.0,989.0,995.0,966.0,1004.0,995.0,921.0,878.0,1001.0,871.0,954.2
208,922.0,989.0,995.0,966.0,1004.0,995.0,907.0,873.0,1001.0,871.0,952.3
209,922.0,989.0,995.0,966.0,1004.0,995.0,921.0,873.0,1001.0,871.0,953.7
210,922.0,989.0,995.0,974.0,1004.0,995.0,907.0,924.0,1001.0,871.0,958.2
211,922.0,1009.0,995.0,983.0,1004.0,995.0,892.0,919.0,1001.0,900.0,962.0
212,922.0,1009.0,995.0,1010.0,1004.0,995.0,964.0,873.0,1001.0,871.0,964.4
213,922.0,1009.0,995.0,1010.0,1004.0,995.0,964.0,919.0,1001.0,871.0,969.0
214,922.0,1009.0,995.0,1010.0,1004.0,995.0,964.0,919.0,1001.0,871.0,969.0
215,922.0,1009.0,995.0,1010.0,1004.0,955.0,967.0,919.0,1009.0,871.0,966.1
216,951.0,1009.0,995.0,1010.0,1004.0,955.0,967.0,919.0,1009.0,871.0,969.0
217,922.0,1009.0,995.0,1010.0,996.0,955.0,967.0,919.0,1009.0,871.0,965.3
218,951.0,1009.0,995.0,1010.0,996.0,955.0,967.0,919.0,1009.0,871.0,968.2
219,951.0,1009.0,995.0,1018.0,996.0,955.0,967.0,934.0,1009.0,871.0,970.5
220,951.0,1009.0,995.0,1010.0,996.0,955.0,967.0,919.0,1009.0,871.0,968.2
221,951.0,1009.0,995.0,1010.0,996.0,955.0,967.0,919.0,1009.0,871.0,968.2
222,951.0,1009.0,995.0,1010.0,1004.0,955.0,967.0,919.0,1001.0,871.0,968.2
223,951.0,1009.0,995.0,1010.0,1004.0,955.0,967.0,898.0,1001.0,946.0,973.6
224,997.0,1009.0,995.0,1010.0,1004.0,955.0,967.0,919.0,1009.0,946.0,981.1
225,951.0,1009.0,995.0,1010.0,1004.0,955.0,967.0,919.0,1001.0,892.0,970.3
226,951.0,1009.0,995.0,1010.0,1004.0,955.0,967.0,919.0,1001.0,892.0,970.3
227,951.0,1009.0,995.0,1018.0,996.0,955.0,967.0,919.0,1001.0,946.0,975.7
228,951.0,1009.0,995.0,1018.0,996.0,955.0,967.0,951.0,1001.0,946.0,978.9
229,951.0,1009.0,995.0,1010.0,996.0,955.0,967.0,930.0,955.0,946.0,971.4
230,951.0,1009.0,995.0,1010.0,996.0,955.0,967.0,959.0,955.0,871.0,966.8
231,951.0,1009.0,995.0,1010.0,996.0,955.0,967.0,959.0,955.0,871.0,966.8
232,951.0,1009.0,995.0,1010.0,996.0,955.0,967.0,959.0,955.0,871.0,966.8
233,951.0,1009.0,995.0,1010.0,996.0,955.0,967.0,959.0,955.0,871.0,966.8
234,951.0,1009.0,995.0,1010.0,996.0,955.0,967.0,959.0,955.0,871.0,966.8
235,951.0,1009.0,995.0,1010.0,952.0,955.0,967.0,959.0,955.0,871.0,962.4
236,951.0,1009.0,995.0,1010.0,996.0,955.0,967.0,959.0,955.0,871.0,966.8
237,951.0,1009.0,987.0,1018.0,996.0,955.0,967.0,959.0,955.0,871.0,966.8
238,951.0,1009.0,987.0,1018.0,996.0,955.0,967.0,919.0,918.0,871.0,959.1
239,951.0,1009.0,987.0,1018.0,996.0,955.0,967.0,919.0,918.0,871.0,959.1
240,916.0,1009.0,987.0,1018.0,996.0,995.0,967.0,973.0,955.0,871.0,968.7
241,951.0,1009.0,960.0,1018.0,996.0,955.0,967.0,919.0,955.0,871.0,960.1
242,951.0,1009.0,947.0,1018.0,942.0,955.0,967.0,919.0,955.0,871.0,953.4
243,951.0,1009.0,947.0,1018.0,942.0,955.0,967.0,919.0,955.0,946.0,960.9
244,916.0,1009.0,947.0,1010.0,942.0,955.0,967.0,930.0,909.0,871.0,945.6
245,916.0,1009.0,947.0,1010.0,942.0,955.0,967.0,930.0,909.0,871.0,945.6
246,916.0,1009.0,947.0,1010.0,942.0,926.0,967.0,934.0,947.0,871.0,946.9
247,916.0,1009.0,947.0,1010.0,971.0,926.0,967.0,934.0,909.0,900.0,948.9
248,916.0,1009.0,947.0,1010.0,971.0,926.0,967.0,919.0,909.0,871.0,944.5
249,916.0,1009.0,947.0,1010.0,971.0,955.0,967.0,919.0,909.0,871.0,947.4
250,960.0,1009.0,947.0,1010.0,971.0,955.0,959.0,919.0,918.0,871.0,951.9
251,960.0,1009.0,947.0,1010.0,950.0,955.0,959.0,934.0,918.0,871.0,951.3
252,960.0,1009.0,947.0,1010.0,950.0,923.0,959.0,973.0,926.0,871.0,952.8
253,960.0,1009.0,947.0,1010.0,950.0,951.0,959.0,973.0,945.0,871.0,957.5
254,960.0,1009.0,947.0,1010.0,950.0,923.0,959.0,973.0,926.0,871.0,952.8
255,960.0,1009.0,947.0,1010.0,938.0,923.0,959.0,973.0,918.0,871.0,950.8
256,960.0,1009.0,987.0,1010.0,938.0,923.0,959.0,973.0,926.0,871.0,955.6
257,960.0,1009.0,947.0,1010.0,938.0,923.0,959.0,973.0,918.0,871.0,950.8
258,960.0,969.0,947.0,1010.0,938.0,951.0,959.0,1013.0,964.0,929.0,964.0
259,960.0,969.0,947.0,1010.0,938.0,951.0,959.0,1013.0,964.0,929.0,964.0
260,960.0,969.0,947.0,1010.0,938.0,951.0,959.0,1013.0,964.0,929.0,964.0
261,960.0,969.0,947.0,1010.0,938.0,951.0,959.0,1013.0,964.0,929.0,964.0
262,960.0,1009.0,947.0,981.0,938.0,883.0,959.0,973.0,964.0,929.0,954.3
263,960.0,969.0,947.0,981.0,938.0,883.0,959.0,919.0,964.0,929.0,944.9
264,960.0,969.0,947.0,981.0,938.0,883.0,959.0,919.0,964.0,929.0,944.9
265,960.0,969.0,947.0,981.0,938.0,883.0,959.0,919.0,964.0,929.0,944.9
266,960.0,969.0,976.0,981.0,938.0,883.0,959.0,919.0,964.0,929.0,947.8
267,931.0,969.0,987.0,1010.0,938.0,898.0,967.0,919.0,964.0,929.0,951.2
268,931.0,969.0,987.0,1010.0,938.0,883.0,967.0,919.0,964.0,929.0,949.7
269,931.0,969.0,987.0,1010.0,938.0,883.0,952.0,919.0,964.0,1004.0,955.7
270,883.0,969.0,987.0,966.0,938.0,883.0,952.0,919.0,964.0,1004.0,946.5
271,883.0,969.0,995.0,966.0,946.0,923.0,952.0,919.0,964.0,1004.0,952.1
272,883.0,1009.0,987.0,983.0,938.0,883.0,952.0,959.0,964.0,1004.0,956.2
273,883.0,1009.0,987.0,981.0,938.0,883.0,952.0,959.0,964.0,1004.0,956.0
274,883.0,1009.0,987.0,966.0,938.0,883.0,1016.0,973.0,964.0,1004.0,962.3
275,883.0,1009.0,987.0,966.0,956.0,894.0,1016.0,934.0,964.0,1004.0,961.3
276,883.0,1009.0,947.0,966.0,956.0,923.0,1016.0,919.0,964.0,1004.0,958.7
277,883.0,1009.0,976.0,966.0,956.0,923.0,1016.0,959.0,964.0,1004.0,965.6
278,883.0,1009.0,987.0,983.0,938.0,883.0,1016.0,973.0,964.0,1004.0,964.0
279,883.0,1009.0,987.0,966.0,946.0,883.0,1016.0,919.0,964.0,1004.0,957.7
280,883.0,1009.0,987.0,983.0,956.0,938.0,1016.0,919.0,964.0,1004.0,965.9
281,883.0,1009.0,987.0,983.0,956.0,883.0,1016.0,973.0,964.0,1004.0,965.8
282,883.0,1009.0,987.0,983.0,956.0,883.0,1016.0,973.0,964.0,1004.0,965.8
283,883.0,1009.0,987.0,983.0,956.0,883.0,981.0,973.0,964.0,1004.0,962.3
284,883.0,1009.0,987.0,983.0,956.0,883.0,959.0,1013.0,964.0,1004.0,964.1
285,883.0,1009.0,987.0,983.0,956.0,883.0,959.0,1013.0,964.0,1004.0,964.1
286,883.0,1009.0,987.0,983.0,956.0,883.0,959.0,1013.0,964.0,1004.0,964.1
287,883.0,1009.0,987.0,983.0,956.0,883.0,959.0,1013.0,964.0,1004.0,964.1
288,883.0,1009.0,987.0,983.0,956.0,883.0,959.0,1013.0,964.0,1004.0,964.1
289,883.0,1009.0,987.0,983.0,956.0,883.0,959.0,1013.0,964.0,1004.0,964.1
290,883.0,1009.0,987.0,983.0,956.0,866.0,959.0,1013.0,964.0,1004.0,962.4
291,883.0,1009.0,952.0,983.0,956.0,866.0,959.0,1013.0,964.0,1004.0,958.9
292,958.0,1009.0,952.0,983.0,956.0,901.0,959.0,1013.0,964.0,1004.0,969.9
293,883.0,1009.0,952.0,922.0,956.0,866.0,959.0,1013.0,964.0,1004.0,952.8
294,883.0,1009.0,952.0,922.0,956.0,901.0,959.0,1013.0,964.0,1004.0,956.3
295,883.0,1009.0,952.0,966.0,956.0,901.0,967.0,1013.0,964.0,1004.0,961.5
296,883.0,1009.0,952.0,966.0,956.0,901.0,959.0,1013.0,964.0,1004.0,960.7
297,883.0,1009.0,952.0,966.0,956.0,901.0,959.0,1013.0,964.0,1004.0,960.7
298,883.0,1009.0,972.0,966.0,956.0,858.0,959.0,1013.0,964.0,1004.0,958.4
299,883.0,1009.0,987.0,983.0,956.0,866.0,959.0,1013.0,964.0,1004.0,962.4
300,883.0,1009.0,987.0,983.0,956.0,881.0,959.0,1013.0,991.0,1004.0,966.6
301,883.0,1009.0,972.0,966.0,956.0,930.0,959.0,1013.0,964.0,989.0,964.1
302,883.0,1009.0,987.0,983.0,956.0,876.0,959.0,1013.0,964.0,989.0,961.9
303,883.0,1009.0,987.0,966.0,956.0,876.0,996.0,1013.0,964.0,989.0,963.9
304,883.0,1009.0,987.0,966.0,956.0,876.0,959.0,1013.0,964.0,989.0,960.2
305,883.0,1009.0,987.0,981.0,895.0,876.0,959.0,1013.0,964.0,1024.0,959.1
306,883.0,1009.0,972.0,981.0,895.0,876.0,959.0,1013.0,964.0,989.0,954.1
307,883.0,1009.0,996.0,981.0,902.0,876.0,959.0,1013.0,964.0,989.0,957.2
308,883.0,1009.0,996.0,981.0,941.0,916.0,959.0,1013.0,964.0,989.0,965.1
309,837.0,1009.0,996.0,981.0,941.0,916.0,959.0,1013.0,964.0,989.0,960.5
310,822.0,1009.0,954.0,981.0,941.0,916.0,959.0,1013.0,943.0,1024.0,956.2
311,857.0,1009.0,954.0,981.0,981.0,916.0,959.0,1013.0,918.0,1004.0,959.2
312,857.0,1009.0,918.0,981.0,935.0,916.0,959.0,1013.0,918.0,1004.0,951.0
313,857.0,1009.0,924.0,981.0,924.0,930.0,959.0,1013.0,918.0,1024.0,953.9
314,857.0,1009.0,918.0,981.0,924.0,930.0,1016.0,1013.0,918.0,1024.0,959.0
315,857.0,1009.0,918.0,981.0,895.0,930.0,1016.0,1013.0,918.0,1024.0,956.1
316,857.0,1009.0,918.0,981.0,924.0,930.0,1016.0,1013.0,918.0,1024.0,959.0
317,857.0,1009.0,918.0,981.0,956.0,930.0,1016.0,1013.0,892.0,989.0,956.1
318,857.0,1009.0,981.0,981.0,956.0,930.0,959.0,1013.0,918.0,989.0,959.3
319,857.0,1009.0,981.0,981.0,956.0,930.0,1004.0,1013.0,918.0,989.0,963.8
320,857.0,1009.0,981.0,981.0,956.0,930.0,1004.0,1013.0,926.0,989.0,964.6
321,857.0,1009.0,981.0,981.0,956.0,930.0,1004.0,1013.0,926.0,989.0,964.6
322,857.0,1009.0,981.0,989.0,924.0,930.0,1004.0,1013.0,889.0,989.0,958.5
323,883.0,1009.0,981.0,981.0,924.0,930.0,1004.0,1013.0,889.0,1004.0,961.8
324,857.0,1009.0,989.0,981.0,935.0,970.0,959.0,1013.0,926.0,989.0,962.8
325,857.0,1009.0,989.0,981.0,935.0,987.0,967.0,1013.0,926.0,989.0,965.3
326,857.0,1009.0,989.0,981.0,935.0,970.0,967.0,1013.0,926.0,989.0,963.6
327,857.0,1009.0,981.0,981.0,935.0,970.0,959.0,1013.0,926.0,989.0,962.0
328,857.0,1009.0,981.0,987.0,956.0,970.0,973.0,1013.0,951.0,989.0,968.6
329,857.0,1009.0,981.0,981.0,935.0,970.0,959.0,1013.0,951.0,989.0,964.5
330,857.0,1009.0,981.0,981.0,924.0,970.0,959.0,1013.0,951.0,989.0,963.4
331,857.0,1009.0,981.0,981.0,924.0,970.0,959.0,1013.0,951.0,989.0,963.4
332,857.0,1009.0,918.0,981.0,924.0,970.0,959.0,1013.0,951.0,989.0,957.1
333,857.0,1009.0,918.0,981.0,924.0,970.0,927.0,1013.0,951.0,989.0,953.9
334,857.0,1009.0,962.0,989.0,924.0,947.0,967.0,1013.0,963.0,1024.0,965.5
335,894.0,1009.0,962.0,989.0,924.0,947.0,967.0,1013.0,951.0,1024.0,968.0
336,894.0,1009.0,962.0,989.0,924.0,930.0,967.0,1013.0,934.0,1016.0,963.8
337,894.0,1009.0,962.0,989.0,924.0,965.0,967.0,1013.0,934.0,1016.0,967.3
338,894.0,1009.0,962.0,981.0,932.0,970.0,967.0,1013.0,934.0,989.0,965.1
339,857.0,1009.0,962.0,989.0,932.0,970.0,967.0,1013.0,934.0,989.0,962.2
340,857.0,1009.0,962.0,981.0,924.0,965.0,967.0,1013.0,934.0,989.0,960.1
341,857.0,1009.0,981.0,981.0,924.0,965.0,967.0,1013.0,934.0,989.0,962.0
342,857.0,1009.0,962.0,981.0,924.0,965.0,967.0,1013.0,934.0,989.0,960.1
343,857.0,1009.0,962.0,981.0,924.0,965.0,967.0,1013.0,934.0,989.0,960.1
344,857.0,1009.0,962.0,981.0,924.0,965.0,967.0,1013.0,951.0,996.0,962.5
345,857.0,1009.0,962.0,981.0,924.0,965.0,967.0,1013.0,980.0,989.0,964.7
346,857.0,1009.0,962.0,981.0,924.0,965.0,967.0,1013.0,980.0,989.0,964.7
347,857.0,1009.0,970.0,981.0,924.0,965.0,967.0,978.0,980.0,989.0,962.0
348,857.0,1009.0,962.0,981.0,932.0,965.0,967.0,1013.0,980.0,989.0,965.5
349,857.0,1009.0,1010.0,981.0,924.0,965.0,967.0,978.0,980.0,989.0,966.0
350,857.0,1009.0,970.0,989.0,924.0,965.0,967.0,978.0,980.0,989.0,962.8
351,857.0,1009.0,962.0,989.0,924.0,965.0,967.0,978.0,934.0,989.0,957.4
352,857.0,1009.0,962.0,989.0,924.0,965.0,967.0,978.0,934.0,989.0,957.4
353,857.0,1009.0,962.0,989.0,924.0,965.0,967.0,1018.0,978.0,1004.0,967.3
354,857.0,1009.0,962.0,989.0,924.0,965.0,967.0,1018.0,934.0,1004.0,962.9
355,857.0,1009.0,962.0,989.0,924.0,965.0,967.0,1018.0,963.0,1004.0,965.8
356,857.0,1009.0,962.0,989.0,924.0,965.0,967.0,1018.0,934.0,1004.0,962.9
357,857.0,1009.0,962.0,989.0,924.0,1005.0,967.0,1018.0,934.0,1004.0,966.9
358,857.0,1009.0,962.0,989.0,945.0,1005.0,967.0,1018.0,951.0,1004.0,970.7
359,857.0,1009.0,962.0,981.0,932.0,965.0,959.0,1018.0,978.0,1004.0,966.5
360,857.0,1009.0,962.0,981.0,932.0,965.0,959.0,1018.0,978.0,1004.0,966.5
361,857.0,1009.0,962.0,981.0,932.0,965.0,959.0,1018.0,980.0,1004.0,966.7
362,857.0,1009.0,962.0,981.0,932.0,965.0,959.0,1018.0,980.0,1004.0,966.7
363,857.0,1009.0,962.0,981.0,932.0,965.0,967.0,1018.0,980.0,1024.0,969.5
364,857.0,1009.0,962.0,981.0,932.0,965.0,967.0,1018.0,980.0,1004.0,967.5
365,857.0,999.0,962.0,952.0,924.0,973.0,967.0,1018.0,980.0,1018.0,965.0
366,857.0,963.0,962.0,966.0,924.0,973.0,967.0,1018.0,1009.0,1004.0,964.3
367,857.0,963.0,962.0,966.0,924.0,965.0,967.0,1018.0,980.0,1004.0,960.6
368,857.0,963.0,962.0,966.0,924.0,965.0,967.0,1018.0,1024.0,1004.0,965.0
369,857.0,963.0,962.0,966.0,932.0,965.0,967.0,1018.0,1024.0,996.0,965.0
370,857.0,963.0,962.0,969.0,932.0,965.0,967.0,1018.0,1024.0,996.0,965.3
371,857.0,963.0,962.0,952.0,924.0,965.0,967.0,961.0,1024.0,996.0,957.1
372,857.0,1009.0,962.0,952.0,924.0,965.0,967.0,961.0,1024.0,996.0,961.7
373,857.0,963.0,962.0,952.0,924.0,965.0,967.0,961.0,1024.0,1004.0,957.9
374,857.0,963.0,962.0,952.0,924.0,965.0,967.0,961.0,1024.0,1004.0,957.9
375,880.0,963.0,962.0,972.0,924.0,965.0,967.0,961.0,1024.0,1004.0,962.2
376,857.0,963.0,962.0,952.0,932.0,965.0,967.0,961.0,1024.0,1004.0,958.7
377,857.0,963.0,962.0,952.0,924.0,965.0,967.0,961.0,1024.0,1004.0,957.9
378,857.0,963.0,962.0,952.0,924.0,965.0,967.0,961.0,1024.0,1004.0,957.9
379,857.0,963.0,962.0,952.0,924.0,965.0,967.0,961.0,1024.0,1004.0,957.9
380,857.0,963.0,962.0,952.0,924.0,965.0,967.0,961.0,1024.0,1004.0,957.9
381,882.0,1009.0,962.0,954.0,932.0,965.0,967.0,961.0,1024.0,1004.0,966.0
382,882.0,1009.0,962.0,966.0,924.0,965.0,967.0,961.0,1024.0,1004.0,966.4
383,882.0,1009.0,962.0,966.0,924.0,965.0,967.0,961.0,1024.0,1004.0,966.4
384,917.0,1009.0,962.0,1001.0,924.0,973.0,967.0,961.0,1024.0,1004.0,974.2
385,917.0,1009.0,950.0,966.0,932.0,965.0,967.0,961.0,1024.0,1004.0,969.5
386,917.0,1009.0,950.0,966.0,932.0,930.0,967.0,961.0,1024.0,1004.0,966.0
387,882.0,1009.0,950.0,966.0,932.0,970.0,967.0,961.0,1024.0,1004.0,966.5
388,917.0,1009.0,950.0,966.0,924.0,970.0,967.0,961.0,1024.0,1004.0,969.2
389,917.0,1009.0,950.0,966.0,924.0,970.0,967.0,961.0,1024.0,1004.0,969.2
390,917.0,1009.0,950.0,966.0,924.0,987.0,967.0,961.0,1024.0,1004.0,970.9
391,917.0,1009.0,950.0,966.0,924.0,938.0,967.0,961.0,1024.0,1004.0,966.0
392,917.0,1009.0,950.0,983.0,924.0,930.0,967.0,961.0,1024.0,1004.0,966.9
393,917.0,1009.0,950.0,983.0,924.0,930.0,967.0,961.0,1024.0,1004.0,966.9
394,963.0,1009.0,950.0,983.0,924.0,945.0,967.0,961.0,1024.0,1004.0,973.0
395,888.0,1009.0,950.0,983.0,924.0,945.0,967.0,961.0,1024.0,1004.0,965.5
396,888.0,1009.0,950.0,983.0,924.0,930.0,967.0,961.0,1024.0,1004.0,964.0
397,888.0,1009.0,950.0,981.0,870.0,930.0,967.0,961.0,1024.0,1004.0,958.4
398,888.0,1009.0,950.0,989.0,910.0,930.0,967.0,961.0,1024.0,1004.0,963.2
399,917.0,1009.0,950.0,981.0,910.0,930.0,967.0,961.0,1024.0,1004.0,965.3
400,917.0,1009.0,950.0,966.0,870.0,970.0,967.0,961.0,1024.0,1004.0,963.8
401,917.0,1009.0,950.0,966.0,870.0,970.0,967.0,961.0,1024.0,1004.0,963.8
402,963.0,1009.0,950.0,966.0,870.0,965.0,967.0,961.0,989.0,1004.0,964.4
403,963.0,1009.0,950.0,983.0,870.0,965.0,967.0,961.0,989.0,1004.0,966.1
404,917.0,1009.0,950.0,966.0,870.0,930.0,967.0,961.0,1024.0,1004.0,959.8
405,917.0,1009.0,950.0,1010.0,931.0,970.0,967.0,1004.0,989.0,1004.0,975.1
406,917.0,1009.0,950.0,1010.0,931.0,930.0,967.0,1004.0,989.0,1004.0,971.1
407,917.0,1009.0,910.0,974.0,870.0,930.0,967.0,1004.0,1024.0,1004.0,960.9
408,917.0,1009.0,910.0,974.0,924.0,930.0,967.0,1004.0,1004.0,1004.0,964.3
409,917.0,1009.0,950.0,934.0,870.0,947.0,967.0,1004.0,1004.0,1004.0,960.6
410,917.0,1009.0,910.0,974.0,870.0,947.0,967.0,1004.0,1004.0,1004.0,960.6
411,917.0,1009.0,910.0,974.0,870.0,947.0,967.0,1004.0,1004.0,1004.0,960.6
412,978.0,1009.0,910.0,974.0,878.0,947.0,967.0,1004.0,1004.0,1004.0,967.5
413,978.0,1009.0,910.0,934.0,870.0,947.0,967.0,1018.0,1004.0,1004.0,964.1
414,978.0,1009.0,950.0,934.0,931.0,947.0,967.0,1004.0,1004.0,1004.0,972.8
415,917.0,1009.0,950.0,934.0,931.0,987.0,967.0,1004.0,1004.0,1004.0,970.7
416,938.0,1009.0,950.0,934.0,931.0,987.0,967.0,1004.0,1004.0,1004.0,972.8
417,917.0,1024.0,950.0,934.0,931.0,987.0,967.0,1004.0,1004.0,1004.0,972.2
418,952.0,1024.0,950.0,934.0,931.0,987.0,967.0,1004.0,1004.0,1004.0,975.7
419,970.0,1024.0,950.0,949.0,931.0,987.0,959.0,1004.0,996.0,1004.0,977.4
420,970.0,1024.0,950.0,949.0,870.0,987.0,959.0,1004.0,996.0,1004.0,971.3
421,909.0,1024.0,958.0,934.0,870.0,987.0,959.0,1004.0,960.0,1004.0,960.9
422,909.0,1009.0,970.0,934.0,870.0,987.0,959.0,1004.0,960.0,1004.0,960.6
423,917.0,1009.0,970.0,934.0,870.0,987.0,967.0,1004.0,989.0,1004.0,965.1
424,917.0,1009.0,970.0,937.0,870.0,987.0,932.0,1004.0,995.0,1004.0,962.5
425,930.0,1009.0,970.0,934.0,881.0,995.0,967.0,1004.0,995.0,1004.0,968.9
426,930.0,1009.0,978.0,934.0,878.0,995.0,967.0,1004.0,995.0,1004.0,969.4
427,930.0,1009.0,978.0,934.0,870.0,995.0,967.0,1004.0,964.0,1004.0,965.5
428,930.0,1009.0,978.0,974.0,931.0,995.0,967.0,1004.0,960.0,1004.0,975.2
429,930.0,1009.0,978.0,974.0,870.0,995.0,967.0,1004.0,960.0,1004.0,969.1
430,930.0,1009.0,978.0,974.0,870.0,995.0,967.0,996.0,960.0,1004.0,968.3
431,970.0,1009.0,978.0,974.0,870.0,995.0,967.0,996.0,960.0,1004.0,972.3
432,930.0,1009.0,918.0,974.0,910.0,995.0,967.0,996.0,977.0,1004.0,968.0
433,930.0,1009.0,918.0,978.0,878.0,995.0,967.0,996.0,977.0,1004.0,965.2
434,930.0,1009.0,918.0,974.0,870.0,995.0,967.0,996.0,977.0,1004.0,964.0
435,930.0,1009.0,918.0,989.0,910.0,995.0,967.0,996.0,977.0,1004.0,969.5
436,930.0,1009.0,918.0,989.0,924.0,966.0,967.0,996.0,977.0,1004.0,968.0
437,930.0,1009.0,918.0,974.0,870.0,966.0,967.0,996.0,977.0,1004.0,961.1
438,930.0,1009.0,918.0,1001.0,870.0,966.0,967.0,996.0,977.0,1004.0,963.8
439,938.0,1009.0,918.0,966.0,870.0,966.0,967.0,996.0,977.0,1004.0,961.1
440,938.0,1009.0,918.0,966.0,870.0,966.0,967.0,996.0,989.0,1004.0,962.3
441,930.0,1009.0,918.0,966.0,870.0,966.0,967.0,996.0,989.0,1004.0,961.5
442,930.0,1009.0,918.0,966.0,878.0,966.0,967.0,996.0,989.0,1004.0,962.3
443,930.0,1009.0,918.0,1001.0,870.0,966.0,967.0,996.0,989.0,1004.0,965.0
444,930.0,1009.0,918.0,1001.0,870.0,966.0,967.0,1004.0,914.0,1004.0,958.3
445,930.0,1009.0,918.0,1001.0,870.0,966.0,967.0,996.0,914.0,1004.0,957.5
446,930.0,1009.0,918.0,1001.0,870.0,966.0,967.0,996.0,914.0,1004.0,957.5
447,930.0,1009.0,918.0,966.0,878.0,966.0,967.0,996.0,914.0,1004.0,954.8
448,930.0,1009.0,918.0,1001.0,870.0,966.0,967.0,996.0,914.0,1004.0,957.5
449,938.0,1009.0,918.0,1001.0,870.0,966.0,967.0,996.0,914.0,1004.0,958.3
450,970.0,1009.0,918.0,1001.0,870.0,966.0,967.0,996.0,914.0,1004.0,961.5
451,970.0,1009.0,918.0,1001.0,870.0,966.0,967.0,996.0,914.0,964.0,957.5
452,970.0,1009.0,918.0,1001.0,870.0,966.0,967.0,996.0,914.0,1004.0,961.5
453,970.0,1009.0,918.0,1001.0,870.0,966.0,967.0,996.0,989.0,1004.0,969.0
454,970.0,1009.0,918.0,1001.0,924.0,966.0,967.0,960.0,989.0,1004.0,970.8
455,970.0,1009.0,918.0,1001.0,870.0,966.0,967.0,960.0,914.0,1004.0,957.9
456,978.0,1009.0,918.0,1001.0,870.0,995.0,967.0,964.0,914.0,1004.0,962.0
457,978.0,1009.0,918.0,1001.0,870.0,966.0,967.0,960.0,914.0,1004.0,958.7
458,970.0,1009.0,918.0,1001.0,870.0,995.0,967.0,956.0,914.0,1004.0,960.4
459,970.0,1009.0,939.0,1001.0,870.0,966.0,967.0,956.0,914.0,1004.0,959.6
460,970.0,1009.0,918.0,1001.0,870.0,966.0,967.0,956.0,914.0,1004.0,957.5
461,970.0,1009.0,918.0,1001.0,870.0,966.0,967.0,956.0,914.0,1004.0,957.5
462,970.0,1009.0,918.0,1001.0,910.0,966.0,967.0,956.0,914.0,1004.0,961.5
463,970.0,1009.0,918.0,1001.0,878.0,966.0,967.0,964.0,914.0,1004.0,959.1
464,970.0,1009.0,918.0,1001.0,878.0,966.0,967.0,964.0,914.0,1004.0,959.1
465,970.0,1001.0,918.0,1001.0,878.0,966.0,967.0,964.0,914.0,1004.0,958.3
466,970.0,1001.0,918.0,1001.0,878.0,966.0,967.0,964.0,914.0,1004.0,958.3
467,970.0,1001.0,918.0,1001.0,918.0,966.0,967.0,956.0,914.0,1004.0,961.5
468,970.0,1001.0,918.0,1001.0,918.0,966.0,967.0,956.0,914.0,989.0,960.0
469,970.0,1001.0,918.0,1001.0,918.0,966.0,967.0,956.0,914.0,1004.0,961.5
470,970.0,1001.0,918.0,1001.0,918.0,966.0,967.0,964.0,914.0,1004.0,962.3
471,970.0,1001.0,918.0,1001.0,918.0,966.0,967.0,956.0,914.0,1004.0,961.5
472,978.0,1001.0,918.0,1001.0,863.0,966.0,967.0,956.0,914.0,1004.0,956.8
473,978.0,1001.0,918.0,1001.0,863.0,989.0,967.0,956.0,914.0,1004.0,959.1
474,978.0,1001.0,918.0,1001.0,932.0,949.0,967.0,956.0,914.0,932.0,954.8
475,978.0,1001.0,918.0,1001.0,918.0,964.0,967.0,964.0,958.0,932.0,960.1
476,978.0,1001.0,920.0,1001.0,918.0,964.0,967.0,964.0,958.0,932.0,960.3
477,978.0,1001.0,978.0,1001.0,918.0,964.0,967.0,964.0,958.0,932.0,966.1
478,978.0,1001.0,978.0,1001.0,918.0,966.0,967.0,964.0,958.0,932.0,966.3
479,978.0,1001.0,978.0,1001.0,918.0,966.0,967.0,964.0,989.0,967.0,972.9
480,978.0,1009.0,978.0,1001.0,918.0,978.0,967.0,964.0,914.0,1004.0,971.1
481,978.0,1009.0,978.0,1001.0,918.0,1004.0,967.0,964.0,914.0,1004.0,973.7
482,978.0,1009.0,912.0,1001.0,918.0,1004.0,967.0,964.0,989.0,1004.0,974.6
483,978.0,1009.0,912.0,1001.0,950.0,978.0,967.0,964.0,989.0,1004.0,975.2
484,978.0,1001.0,901.0,1001.0,918.0,978.0,967.0,964.0,989.0,1004.0,970.1
485,978.0,1009.0,843.0,1001.0,918.0,978.0,967.0,964.0,989.0,1004.0,965.1
486,978.0,1009.0,843.0,1001.0,918.0,978.0,967.0,1004.0,989.0,1004.0,969.1
487,978.0,1009.0,843.0,1001.0,979.0,978.0,1024.0,1004.0,989.0,1004.0,980.9
488,978.0,1009.0,920.0,1001.0,918.0,993.0,967.0,1004.0,989.0,1004.0,978.3
489,978.0,1009.0,920.0,1001.0,918.0,993.0,967.0,1004.0,989.0,1004.0,978.3
490,978.0,1009.0,843.0,1009.0,918.0,993.0,967.0,1004.0,914.0,1004.0,963.9
491,978.0,1001.0,901.0,1001.0,918.0,993.0,967.0,1004.0,914.0,1004.0,968.1
492,978.0,1001.0,901.0,1001.0,918.0,993.0,967.0,964.0,914.0,1004.0,964.1
493,978.0,1001.0,901.0,1001.0,918.0,993.0,967.0,964.0,914.0,1004.0,964.1
494,978.0,1001.0,901.0,1001.0,918.0,993.0,967.0,964.0,914.0,1004.0,964.1
495,978.0,1001.0,903.0,1001.0,918.0,993.0,967.0,964.0,914.0,1004.0,964.3
496,978.0,1001.0,978.0,1001.0,957.0,995.0,967.0,964.0,911.0,1004.0,975.6
497,978.0,1001.0,978.0,1009.0,957.0,995.0,967.0,1004.0,911.0,1004.0,980.4
498,978.0,1009.0,978.0,1009.0,957.0,995.0,967.0,964.0,911.0,1004.0,977.2
499,1018.0,1009.0,978.0,1001.0,957.0,993.0,959.0,964.0,911.0,964.0,975.4
500,978.0,1009.0,978.0,1001.0,979.0,993.0,959.0,966.0,911.0,1004.0,977.8
501,978.0,1009.0,978.0,1001.0,979.0,1018.0,959.0,966.0,911.0,1004.0,980.3
502,978.0,1001.0,978.0,1001.0,979.0,978.0,959.0,966.0,911.0,1004.0,975.5
503,978.0,1001.0,978.0,1001.0,979.0,1018.0,959.0,989.0,911.0,1004.0,981.8
504,978.0,1001.0,976.0,1009.0,979.0,1018.0,967.0,989.0,911.0,1004.0,983.2
505,978.0,1001.0,976.0,1009.0,979.0,1018.0,967.0,989.0,911.0,1004.0,983.2
506,978.0,1001.0,976.0,1009.0,979.0,1018.0,959.0,989.0,911.0,1004.0,982.4
507,978.0,1001.0,976.0,1009.0,979.0,1018.0,959.0,1004.0,911.0,1004.0,983.9
508,978.0,1001.0,976.0,1009.0,979.0,1018.0,959.0,1004.0,911.0,1004.0,983.9
509,978.0,1001.0,976.0,1009.0,979.0,1018.0,959.0,989.0,926.0,1004.0,983.9
510,978.0,1001.0,976.0,1009.0,979.0,1010.0,959.0,989.0,926.0,1004.0,983.1
511,978.0,1001.0,999.0,1009.0,979.0,1010.0,959.0,989.0,926.0,1004.0,985.4
512,978.0,1001.0,999.0,1009.0,979.0,1013.0,959.0,989.0,926.0,1004.0,985.7
513,978.0,1001.0,999.0,1009.0,979.0,1018.0,959.0,989.0,926.0,1004.0,986.2
514,978.0,955.0,999.0,1009.0,979.0,978.0,959.0,989.0,926.0,1004.0,977.6
515,978.0,1001.0,999.0,1009.0,979.0,978.0,959.0,926.0,926.0,1004.0,975.9
516,978.0,1001.0,999.0,1009.0,979.0,978.0,959.0,947.0,926.0,1004.0,978.0
517,978.0,1001.0,999.0,980.0,979.0,1013.0,967.0,947.0,958.0,1004.0,982.6
518,978.0,1001.0,999.0,980.0,979.0,978.0,967.0,947.0,958.0,1004.0,979.1
519,978.0,1001.0,999.0,1024.0,979.0,1018.0,967.0,941.0,934.0,1004.0,984.5
520,978.0,1001.0,999.0,980.0,979.0,978.0,967.0,941.0,934.0,1004.0,976.1
521,978.0,1001.0,999.0,995.0,989.0,978.0,967.0,941.0,934.0,1004.0,978.6
522,978.0,1001.0,959.0,980.0,979.0,978.0,967.0,1018.0,934.0,1004.0,979.8
523,978.0,1001.0,959.0,980.0,979.0,993.0,967.0,941.0,934.0,1004.0,973.6
524,978.0,1001.0,959.0,980.0,979.0,978.0,967.0,912.0,1004.0,1004.0,976.2
525,978.0,1009.0,978.0,980.0,989.0,993.0,959.0,912.0,1004.0,1004.0,980.6
526,978.0,1009.0,978.0,919.0,979.0,993.0,959.0,912.0,1004.0,1004.0,973.5
527,978.0,1009.0,970.0,980.0,979.0,993.0,967.0,912.0,1004.0,1004.0,979.6
528,978.0,1009.0,959.0,980.0,979.0,993.0,967.0,989.0,1004.0,1004.0,986.2
529,978.0,1009.0,955.0,919.0,979.0,993.0,967.0,989.0,1004.0,1004.0,979.7
530,978.0,1009.0,955.0,1024.0,979.0,993.0,967.0,912.0,1004.0,964.0,978.5
531,978.0,1009.0,915.0,919.0,979.0,993.0,967.0,912.0,1004.0,964.0,964.0
532,978.0,1009.0,915.0,945.0,979.0,993.0,967.0,887.0,1004.0,964.0,964.1
533,978.0,1009.0,915.0,980.0,979.0,993.0,967.0,887.0,1004.0,964.0,967.6
534,978.0,1009.0,915.0,1024.0,979.0,993.0,967.0,912.0,1004.0,964.0,974.5
535,978.0,1009.0,900.0,995.0,979.0,993.0,967.0,887.0,1004.0,964.0,967.6
536,978.0,1009.0,900.0,995.0,979.0,993.0,967.0,887.0,1004.0,964.0,967.6
537,978.0,955.0,943.0,995.0,979.0,993.0,967.0,927.0,1004.0,964.0,970.5
538,978.0,955.0,943.0,995.0,979.0,993.0,967.0,927.0,1004.0,964.0,970.5
539,978.0,955.0,900.0,995.0,979.0,993.0,967.0,927.0,1004.0,964.0,966.2
540,978.0,963.0,900.0,987.0,979.0,993.0,967.0,964.0,1004.0,1004.0,973.9
541,978.0,963.0,900.0,1009.0,971.0,1018.0,967.0,964.0,1004.0,1004.0,977.8
542,978.0,963.0,900.0,1009.0,971.0,993.0,967.0,964.0,1004.0,1004.0,975.3
543,978.0,963.0,900.0,1016.0,933.0,993.0,981.0,964.0,1004.0,964.0,969.6
544,978.0,970.0,900.0,1009.0,933.0,993.0,967.0,964.0,1004.0,964.0,968.2
545,978.0,963.0,978.0,995.0,933.0,993.0,967.0,964.0,1004.0,964.0,973.9
546,978.0,955.0,978.0,980.0,933.0,993.0,967.0,964.0,1004.0,964.0,971.6
547,978.0,955.0,978.0,995.0,939.0,993.0,967.0,964.0,1004.0,964.0,973.7
548,978.0,963.0,978.0,995.0,939.0,993.0,967.0,964.0,1004.0,964.0,974.5
549,978.0,955.0,978.0,995.0,939.0,993.0,967.0,964.0,1004.0,964.0,973.7
550,978.0,955.0,978.0,995.0,939.0,993.0,967.0,964.0,1004.0,964.0,973.7
551,978.0,955.0,978.0,1009.0,939.0,993.0,967.0,964.0,1004.0,964.0,975.1
552,978.0,955.0,978.0,1009.0,939.0,993.0,967.0,1004.0,1004.0,993.0,982.0
553,978.0,955.0,978.0,995.0,939.0,993.0,967.0,964.0,1004.0,993.0,976.6
554,978.0,955.0,978.0,995.0,939.0,993.0,967.0,964.0,1004.0,964.0,973.7
555,978.0,955.0,938.0,995.0,939.0,993.0,967.0,964.0,1004.0,964.0,969.7
556,978.0,955.0,938.0,995.0,939.0,993.0,967.0,964.0,1004.0,964.0,969.7
557,978.0,955.0,938.0,995.0,939.0,993.0,967.0,964.0,1004.0,964.0,969.7
558,978.0,955.0,978.0,995.0,939.0,993.0,967.0,1004.0,1004.0,964.0,977.7
559,978.0,955.0,938.0,995.0,939.0,993.0,967.0,964.0,1004.0,964.0,969.7
560,978.0,955.0,938.0,995.0,939.0,993.0,967.0,964.0,1004.0,964.0,969.7
561,970.0,955.0,938.0,995.0,939.0,993.0,967.0,964.0,1004.0,964.0,968.9
562,970.0,955.0,938.0,995.0,939.0,993.0,932.0,964.0,964.0,964.0,961.4
563,970.0,955.0,938.0,995.0,939.0,993.0,967.0,964.0,964.0,964.0,964.9
564,970.0,955.0,978.0,995.0,939.0,993.0,967.0,1004.0,964.0,964.0,972.9
565,970.0,955.0,938.0,995.0,939.0,993.0,927.0,964.0,964.0,964.0,960.9
566,970.0,955.0,938.0,995.0,939.0,993.0,927.0,964.0,964.0,964.0,960.9
567,970.0,955.0,938.0,995.0,939.0,993.0,927.0,964.0,964.0,964.0,960.9
568,970.0,955.0,938.0,995.0,979.0,993.0,927.0,964.0,964.0,964.0,964.9
569,970.0,955.0,938.0,995.0,979.0,993.0,927.0,964.0,964.0,993.0,967.8
570,970.0,955.0,938.0,995.0,979.0,993.0,927.0,964.0,964.0,1004.0,968.9
571,970.0,955.0,938.0,995.0,979.0,993.0,927.0,964.0,964.0,1004.0,968.9
572,970.0,955.0,938.0,995.0,979.0,993.0,927.0,964.0,964.0,1004.0,968.9
573,970.0,955.0,938.0,995.0,979.0,993.0,927.0,964.0,964.0,1004.0,968.9
574,970.0,955.0,938.0,995.0,979.0,993.0,927.0,964.0,964.0,1004.0,968.9
575,970.0,955.0,938.0,995.0,979.0,993.0,927.0,964.0,993.0,1004.0,971.8
576,970.0,955.0,938.0,995.0,979.0,993.0,927.0,964.0,993.0,1004.0,971.8
577,970.0,955.0,938.0,995.0,979.0,993.0,927.0,964.0,993.0,1004.0,971.8
578,970.0,955.0,938.0,995.0,979.0,993.0,927.0,964.0,993.0,1004.0,971.8
579,970.0,955.0,938.0,995.0,979.0,993.0,967.0,964.0,993.0,1004.0,975.8
580,970.0,955.0,938.0,995.0,979.0,993.0,967.0,964.0,993.0,1004.0,975.8
581,970.0,955.0,938.0,995.0,979.0,993.0,927.0,964.0,993.0,1004.0,971.8
582,970.0,955.0,938.0,995.0,979.0,993.0,927.0,964.0,993.0,1004.0,971.8
583,970.0,955.0,938.0,995.0,979.0,993.0,927.0,1004.0,993.0,1004.0,975.8
584,970.0,915.0,938.0,995.0,979.0,993.0,927.0,1004.0,993.0,1004.0,971.8
585,970.0,923.0,938.0,995.0,979.0,993.0,927.0,1004.0,993.0,1004.0,972.6
586,970.0,923.0,938.0,995.0,1018.0,993.0,927.0,1004.0,993.0,1004.0,976.5
587,970.0,923.0,938.0,995.0,1018.0,993.0,967.0,1004.0,953.0,1004.0,976.5
588,970.0,888.0,938.0,995.0,1018.0,993.0,927.0,1004.0,966.0,1004.0,970.3
589,970.0,888.0,938.0,995.0,1018.0,993.0,927.0,1004.0,993.0,1004.0,973.0
590,970.0,888.0,978.0,995.0,1018.0,993.0,927.0,1004.0,993.0,1004.0,977.0
591,930.0,888.0,938.0,995.0,1018.0,993.0,927.0,1004.0,993.0,1004.0,969.0
592,930.0,888.0,938.0,995.0,1018.0,993.0,927.0,1004.0,993.0,1004.0,969.0
593,930.0,888.0,938.0,995.0,1018.0,993.0,927.0,1004.0,993.0,1004.0,969.0
594,930.0,888.0,938.0,995.0,979.0,993.0,927.0,1004.0,993.0,1004.0,965.1
595,930.0,888.0,938.0,995.0,979.0,993.0,927.0,1004.0,993.0,1004.0,965.1
596,930.0,888.0,938.0,995.0,979.0,993.0,956.0,1004.0,993.0,1004.0,968.0
597,930.0,888.0,938.0,987.0,979.0,993.0,967.0,1004.0,993.0,1004.0,968.3
598,945.0,888.0,938.0,995.0,979.0,993.0,948.0,1004.0,993.0,1004.0,968.7
599,970.0,888.0,938.0,987.0,979.0,993.0,948.0,1004.0,993.0,1004.0,970.4
600,970.0,888.0,938.0,995.0,979.0,993.0,927.0,1004.0,993.0,996.0,968.3
601,1005.0,888.0,938.0,987.0,979.0,1013.0,927.0,1004.0,993.0,996.0,973.0
602,970.0,888.0,938.0,987.0,979.0,1013.0,927.0,1004.0,993.0,996.0,969.5
603,930.0,943.0,938.0,987.0,979.0,1018.0,927.0,1004.0,993.0,996.0,971.5
604,930.0,943.0,938.0,987.0,979.0,1018.0,948.0,1004.0,964.0,996.0,970.7
605,930.0,943.0,938.0,987.0,979.0,1013.0,919.0,1004.0,964.0,996.0,967.3
606,970.0,943.0,970.0,987.0,979.0,1013.0,919.0,964.0,964.0,996.0,970.5
607,947.0,943.0,970.0,987.0,979.0,993.0,919.0,964.0,1004.0,996.0,970.2
608,947.0,943.0,970.0,995.0,979.0,993.0,919.0,964.0,993.0,996.0,969.9
609,947.0,943.0,970.0,995.0,979.0,993.0,919.0,964.0,993.0,996.0,969.9
610,1005.0,943.0,970.0,995.0,979.0,993.0,919.0,964.0,993.0,996.0,975.7
611,1005.0,1018.0,970.0,995.0,979.0,993.0,927.0,964.0,993.0,996.0,984.0
612,1005.0,943.0,970.0,995.0,979.0,993.0,927.0,1004.0,993.0,996.0,980.5
613,1005.0,943.0,970.0,995.0,979.0,993.0,927.0,964.0,993.0,996.0,976.5
614,1005.0,943.0,970.0,995.0,979.0,993.0,927.0,964.0,993.0,996.0,976.5
615,1005.0,943.0,970.0,995.0,979.0,993.0,919.0,964.0,993.0,996.0,975.7
616,1005.0,943.0,970.0,995.0,979.0,993.0,919.0,964.0,993.0,996.0,975.7
617,1005.0,943.0,970.0,995.0,979.0,993.0,919.0,964.0,993.0,996.0,975.7
618,1005.0,943.0,970.0,987.0,979.0,993.0,919.0,964.0,993.0,996.0,974.9
619,1005.0,978.0,970.0,987.0,979.0,993.0,959.0,964.0,993.0,996.0,982.4
620,1005.0,943.0,970.0,977.0,979.0,993.0,959.0,964.0,993.0,996.0,977.9
621,1005.0,943.0,970.0,977.0,979.0,993.0,919.0,964.0,993.0,996.0,973.9
622,1005.0,943.0,970.0,977.0,979.0,993.0,919.0,964.0,993.0,1004.0,974.7
623,1005.0,943.0,970.0,977.0,979.0,993.0,919.0,964.0,993.0,996.0,973.9
624,1005.0,943.0,970.0,977.0,979.0,993.0,919.0,964.0,993.0,996.0,973.9
625,1005.0,943.0,970.0,977.0,979.0,993.0,919.0,964.0,993.0,956.0,969.9
626,1005.0,943.0,970.0,977.0,979.0,993.0,919.0,964.0,993.0,918.0,966.1
627,1005.0,943.0,935.0,977.0,979.0,993.0,919.0,964.0,964.0,918.0,959.7
628,1005.0,943.0,970.0,977.0,979.0,993.0,919.0,964.0,953.0,918.0,962.1
629,1005.0,964.0,970.0,977.0,979.0,993.0,919.0,964.0,1004.0,918.0,969.3
630,1005.0,943.0,970.0,977.0,979.0,993.0,919.0,964.0,953.0,918.0,962.1
631,1005.0,943.0,970.0,977.0,979.0,993.0,959.0,964.0,953.0,918.0,966.1
632,1005.0,1018.0,970.0,977.0,979.0,993.0,959.0,964.0,953.0,996.0,981.4
633,1005.0,1018.0,970.0,977.0,979.0,995.0,959.0,996.0,953.0,918.0,977.0
634,1005.0,1018.0,970.0,977.0,979.0,1013.0,959.0,996.0,953.0,918.0,978.8
635,1005.0,1018.0,970.0,977.0,979.0,1013.0,959.0,996.0,953.0,918.0,978.8
636,1005.0,978.0,970.0,977.0,979.0,1013.0,959.0,996.0,953.0,918.0,974.8
637,1005.0,1018.0,970.0,977.0,979.0,993.0,959.0,996.0,953.0,926.0,977.6
638,1005.0,1018.0,970.0,977.0,979.0,993.0,959.0,1004.0,953.0,918.0,977.6
639,1005.0,1018.0,970.0,977.0,979.0,978.0,959.0,996.0,953.0,996.0,983.1
640,1005.0,1013.0,970.0,977.0,979.0,993.0,959.0,996.0,953.0,996.0,984.1
641,1005.0,1013.0,970.0,977.0,979.0,993.0,959.0,996.0,953.0,918.0,976.3
642,1005.0,1013.0,970.0,977.0,979.0,993.0,959.0,996.0,953.0,918.0,976.3
643,1005.0,1013.0,970.0,977.0,979.0,993.0,959.0,1004.0,953.0,918.0,977.1
644,1005.0,1013.0,970.0,977.0,979.0,993.0,959.0,996.0,964.0,918.0,977.4
645,1005.0,1013.0,970.0,977.0,979.0,993.0,959.0,996.0,953.0,918.0,976.3
646,1005.0,1013.0,970.0,977.0,979.0,995.0,959.0,996.0,953.0,996.0,984.3
647,1005.0,1013.0,970.0,977.0,979.0,1013.0,959.0,996.0,953.0,996.0,986.1
648,1005.0,1013.0,970.0,977.0,979.0,1013.0,915.0,1004.0,953.0,996.0,982.5
649,1005.0,1013.0,970.0,977.0,979.0,1013.0,915.0,1004.0,993.0,996.0,986.5
650,1005.0,1013.0,970.0,977.0,979.0,1013.0,915.0,996.0,993.0,996.0,985.7
651,1005.0,1013.0,970.0,977.0,979.0,1013.0,898.0,996.0,993.0,996.0,984.0
652,1005.0,1013.0,970.0,977.0,979.0,1013.0,913.0,996.0,993.0,996.0,985.5
653,1005.0,1013.0,1005.0,977.0,979.0,1013.0,927.0,996.0,993.0,996.0,990.4
654,1005.0,1013.0,970.0,977.0,979.0,1013.0,898.0,996.0,993.0,996.0,984.0
655,1005.0,1013.0,970.0,977.0,979.0,1013.0,898.0,996.0,993.0,996.0,984.0
656,1005.0,1013.0,970.0,977.0,979.0,1013.0,898.0,1004.0,993.0,996.0,984.8
657,1013.0,1013.0,970.0,977.0,979.0,1013.0,898.0,1004.0,993.0,981.0,984.1
658,1013.0,1013.0,970.0,977.0,979.0,1013.0,898.0,1004.0,993.0,981.0,984.1
659,1005.0,1013.0,970.0,977.0,979.0,1013.0,915.0,996.0,993.0,996.0,985.7
660,1005.0,1013.0,970.0,977.0,979.0,1013.0,898.0,996.0,993.0,981.0,982.5
661,1005.0,1013.0,978.0,977.0,979.0,1013.0,906.0,996.0,993.0,981.0,984.1
662,1005.0,1013.0,978.0,977.0,979.0,1013.0,906.0,996.0,993.0,933.0,979.3
663,1005.0,1013.0,978.0,977.0,979.0,1013.0,906.0,996.0,993.0,933.0,979.3
664,1005.0,1013.0,978.0,977.0,979.0,984.0,970.0,996.0,993.0,919.0,981.4
665,1005.0,1018.0,978.0,938.0,979.0,1013.0,970.0,996.0,993.0,919.0,980.9
666,1005.0,1013.0,978.0,938.0,979.0,984.0,970.0,996.0,993.0,919.0,977.5
667,1005.0,1013.0,978.0,938.0,979.0,1013.0,898.0,1004.0,993.0,906.0,972.7
668,1005.0,1013.0,970.0,938.0,979.0,1013.0,927.0,1004.0,993.0,981.0,982.3
669,1005.0,1013.0,970.0,894.0,979.0,1013.0,970.0,1004.0,947.0,981.0,977.6
670,1005.0,1018.0,970.0,923.0,979.0,1013.0,927.0,1004.0,947.0,981.0,976.7
671,1005.0,1018.0,970.0,894.0,979.0,1013.0,927.0,1004.0,947.0,981.0,973.8
672,1005.0,1018.0,970.0,902.0,979.0,1013.0,898.0,1004.0,947.0,1004.0,974.0
673,1005.0,1018.0,970.0,894.0,979.0,1013.0,970.0,1004.0,947.0,989.0,978.9
674,1005.0,1018.0,970.0,938.0,979.0,1013.0,898.0,1004.0,947.0,989.0,976.1
675,1005.0,1018.0,970.0,923.0,979.0,1013.0,970.0,1004.0,947.0,941.0,977.0
676,1005.0,1018.0,978.0,923.0,979.0,1013.0,970.0,1004.0,918.0,941.0,974.9
677,1005.0,1018.0,978.0,923.0,979.0,1013.0,970.0,1004.0,918.0,970.0,977.8
678,1005.0,1018.0,970.0,923.0,979.0,1013.0,970.0,1004.0,918.0,970.0,977.0
679,1005.0,1018.0,978.0,923.0,979.0,1013.0,970.0,1004.0,918.0,941.0,974.9
680,1005.0,1018.0,970.0,923.0,979.0,1013.0,970.0,1004.0,918.0,941.0,974.1
681,1013.0,1018.0,970.0,923.0,950.0,1013.0,1016.0,1004.0,918.0,941.0,976.6
682,1013.0,1018.0,970.0,923.0,950.0,1013.0,978.0,1004.0,918.0,941.0,972.8
683,1013.0,1013.0,970.0,923.0,950.0,1013.0,978.0,1004.0,918.0,943.0,972.5
684,1005.0,1013.0,970.0,923.0,950.0,1013.0,978.0,1004.0,947.0,941.0,974.4
685,1005.0,1013.0,970.0,923.0,950.0,1013.0,978.0,1004.0,964.0,941.0,976.1
686,1005.0,1013.0,970.0,923.0,950.0,1013.0,978.0,1004.0,947.0,944.0,974.7
687,1005.0,1013.0,970.0,923.0,950.0,1013.0,970.0,1004.0,947.0,944.0,973.9
688,1005.0,1013.0,970.0,923.0,979.0,1013.0,970.0,1004.0,947.0,941.0,976.5
689,1005.0,1013.0,970.0,923.0,950.0,1013.0,970.0,1004.0,993.0,981.0,982.2
690,1005.0,1013.0,970.0,923.0,964.0,1013.0,970.0,1004.0,947.0,989.0,979.8
691,1013.0,1013.0,970.0,923.0,964.0,1013.0,970.0,1004.0,947.0,962.0,977.9
692,1013.0,1013.0,970.0,929.0,964.0,1013.0,970.0,1004.0,947.0,1024.0,984.7
693,1005.0,1013.0,970.0,923.0,964.0,1013.0,970.0,1004.0,947.0,941.0,975.0
694,1005.0,1013.0,970.0,923.0,964.0,1013.0,970.0,1004.0,947.0,941.0,975.0
695,1005.0,1013.0,970.0,923.0,945.0,1013.0,970.0,941.0,993.0,970.0,974.3
696,1005.0,1013.0,970.0,923.0,964.0,1013.0,970.0,941.0,993.0,970.0,976.2
697,1005.0,1013.0,954.0,923.0,964.0,1013.0,970.0,950.0,993.0,970.0,975.5
698,1005.0,1013.0,962.0,923.0,964.0,1013.0,970.0,950.0,993.0,970.0,976.3
699,1005.0,1013.0,962.0,923.0,945.0,1013.0,1016.0,950.0,993.0,970.0,979.0
700,1005.0,1013.0,962.0,923.0,945.0,1013.0,1016.0,950.0,993.0,970.0,979.0
701,1005.0,1013.0,962.0,923.0,945.0,1013.0,970.0,989.0,993.0,970.0,978.3
702,1005.0,1013.0,962.0,923.0,945.0,1013.0,978.0,912.0,993.0,970.0,971.4
703,1005.0,1013.0,962.0,923.0,945.0,1013.0,970.0,912.0,993.0,970.0,970.6
704,1005.0,1013.0,962.0,923.0,945.0,1013.0,970.0,934.0,993.0,970.0,972.8
705,1005.0,1013.0,962.0,923.0,945.0,1013.0,970.0,989.0,993.0,970.0,978.3
706,1005.0,1013.0,962.0,923.0,945.0,1013.0,970.0,989.0,993.0,970.0,978.3
707,1005.0,1013.0,962.0,923.0,945.0,1013.0,970.0,989.0,993.0,970.0,978.3
708,1005.0,1013.0,962.0,923.0,945.0,1013.0,970.0,989.0,993.0,970.0,978.3
709,1005.0,1013.0,962.0,923.0,945.0,1013.0,970.0,989.0,993.0,970.0,978.3
710,1005.0,1013.0,962.0,923.0,945.0,1013.0,970.0,989.0,993.0,989.0,980.2
711,951.0,1013.0,962.0,923.0,947.0,1013.0,970.0,989.0,993.0,970.0,973.1
712,1005.0,1013.0,970.0,923.0,945.0,1013.0,970.0,989.0,993.0,970.0,979.1
713,1005.0,1013.0,962.0,923.0,945.0,1005.0,970.0,989.0,993.0,970.0,977.5
714,1005.0,1013.0,954.0,923.0,945.0,1005.0,978.0,989.0,993.0,1004.0,980.9
715,1005.0,1013.0,954.0,923.0,945.0,1005.0,978.0,1004.0,993.0,1004.0,982.4
716,1005.0,1013.0,954.0,923.0,945.0,1005.0,978.0,1024.0,993.0,1004.0,984.4
717,1005.0,1013.0,954.0,923.0,945.0,1005.0,978.0,989.0,993.0,1004.0,980.9
718,1005.0,1013.0,954.0,931.0,945.0,1005.0,978.0,989.0,993.0,1004.0,981.7
719,1005.0,1013.0,962.0,931.0,945.0,1005.0,978.0,989.0,993.0,1004.0,982.5
720,1005.0,1013.0,962.0,931.0,945.0,1005.0,978.0,989.0,993.0,1004.0,982.5
721,1005.0,1013.0,1005.0,931.0,945.0,1005.0,978.0,989.0,993.0,1004.0,986.8
722,1005.0,1013.0,1005.0,923.0,945.0,1005.0,1016.0,989.0,993.0,1004.0,989.8
723,1005.0,1013.0,962.0,923.0,945.0,1005.0,970.0,989.0,993.0,1004.0,980.9
724,1005.0,1013.0,962.0,923.0,945.0,1005.0,970.0,989.0,993.0,1004.0,980.9
725,1005.0,1013.0,962.0,931.0,930.0,1005.0,970.0,989.0,993.0,1004.0,980.2
726,1005.0,1013.0,954.0,958.0,930.0,1005.0,970.0,989.0,993.0,1004.0,982.1
727,1005.0,1013.0,962.0,958.0,964.0,1005.0,970.0,989.0,993.0,1004.0,986.3
728,1005.0,1013.0,954.0,923.0,964.0,1005.0,970.0,989.0,993.0,1004.0,982.0
729,1005.0,1013.0,954.0,923.0,964.0,1005.0,970.0,989.0,993.0,1004.0,982.0
730,1005.0,1013.0,954.0,923.0,964.0,1005.0,970.0,989.0,993.0,1004.0,982.0
731,1005.0,1013.0,954.0,923.0,945.0,1005.0,970.0,989.0,993.0,1004.0,980.1
732,1005.0,1013.0,954.0,923.0,945.0,1005.0,970.0,989.0,993.0,1004.0,980.1
733,1005.0,1013.0,954.0,923.0,949.0,1005.0,970.0,1018.0,993.0,1004.0,983.4
734,1005.0,1013.0,954.0,923.0,949.0,1005.0,970.0,989.0,993.0,1004.0,980.5
735,1005.0,1013.0,954.0,923.0,910.0,1005.0,970.0,989.0,993.0,1004.0,976.6
736,1005.0,1013.0,954.0,923.0,910.0,1005.0,970.0,989.0,993.0,1004.0,976.6
737,1005.0,1013.0,954.0,923.0,949.0,970.0,978.0,989.0,993.0,1004.0,977.8
738,1005.0,1013.0,962.0,923.0,910.0,970.0,978.0,981.0,993.0,1004.0,973.9
739,1005.0,1013.0,962.0,923.0,910.0,976.0,978.0,981.0,993.0,1004.0,974.5
740,1005.0,1013.0,962.0,923.0,950.0,961.0,978.0,981.0,993.0,1004.0,977.0
741,1005.0,1013.0,962.0,923.0,950.0,961.0,978.0,981.0,993.0,1004.0,977.0
742,1005.0,1013.0,962.0,923.0,950.0,961.0,978.0,981.0,993.0,1004.0,977.0
743,1005.0,1013.0,954.0,931.0,950.0,961.0,978.0,981.0,993.0,1004.0,977.0
744,1005.0,1013.0,954.0,923.0,950.0,961.0,978.0,981.0,993.0,1004.0,976.2
745,1005.0,1013.0,954.0,923.0,950.0,961.0,978.0,981.0,993.0,1004.0,976.2
746,1005.0,1013.0,954.0,931.0,950.0,1001.0,978.0,989.0,993.0,1004.0,981.8
747,1005.0,1013.0,962.0,931.0,950.0,1001.0,978.0,989.0,993.0,1004.0,982.6
748,1013.0,1013.0,962.0,931.0,979.0,961.0,978.0,989.0,993.0,1004.0,982.3
749,1013.0,1013.0,962.0,931.0,979.0,1001.0,978.0,989.0,993.0,1004.0,986.3
750,1013.0,1013.0,962.0,931.0,979.0,976.0,978.0,981.0,993.0,1004.0,983.0
751,1005.0,1013.0,962.0,931.0,979.0,961.0,978.0,981.0,993.0,1004.0,980.7
752,1013.0,1013.0,962.0,931.0,979.0,961.0,978.0,981.0,993.0,1004.0,981.5
753,1013.0,1013.0,962.0,931.0,979.0,961.0,978.0,981.0,993.0,1004.0,981.5
754,1013.0,1013.0,962.0,931.0,979.0,961.0,978.0,981.0,993.0,1004.0,981.5
755,1013.0,1013.0,962.0,931.0,993.0,961.0,978.0,981.0,993.0,1004.0,982.9
756,1013.0,1013.0,962.0,931.0,979.0,961.0,978.0,981.0,993.0,1004.0,981.5
757,1013.0,1013.0,954.0,931.0,979.0,961.0,970.0,981.0,993.0,1004.0,979.9
758,1013.0,1013.0,954.0,923.0,950.0,1001.0,970.0,981.0,993.0,1004.0,980.2
759,1013.0,1013.0,954.0,923.0,939.0,961.0,970.0,981.0,993.0,1004.0,975.1
760,1013.0,1013.0,954.0,923.0,979.0,961.0,924.0,1010.0,993.0,1004.0,977.4
761,1013.0,1013.0,954.0,923.0,939.0,969.0,978.0,981.0,993.0,1004.0,976.7
762,1013.0,1013.0,954.0,923.0,939.0,961.0,924.0,1010.0,993.0,1004.0,973.4
763,1013.0,1013.0,954.0,923.0,979.0,961.0,924.0,981.0,993.0,1004.0,974.5
764,1013.0,1013.0,954.0,923.0,939.0,1005.0,924.0,1010.0,993.0,1004.0,977.8
765,1013.0,1013.0,954.0,923.0,939.0,961.0,924.0,1010.0,993.0,1004.0,973.4
766,1013.0,1013.0,954.0,923.0,939.0,961.0,924.0,989.0,1004.0,1004.0,972.4
767,1013.0,1013.0,954.0,941.0,939.0,978.0,924.0,989.0,993.0,1004.0,974.8
768,1013.0,1013.0,954.0,906.0,939.0,978.0,924.0,989.0,993.0,1004.0,971.3
769,1013.0,1013.0,954.0,906.0,939.0,978.0,924.0,989.0,964.0,1004.0,968.4
770,1013.0,1013.0,954.0,941.0,939.0,978.0,924.0,996.0,964.0,1004.0,972.6
771,1013.0,1013.0,925.0,923.0,939.0,978.0,924.0,989.0,964.0,1004.0,967.2
772,1013.0,1013.0,925.0,923.0,893.0,978.0,970.0,989.0,993.0,1004.0,970.1
773,1013.0,1013.0,894.0,923.0,893.0,961.0,924.0,989.0,993.0,1004.0,960.7
774,1013.0,1013.0,894.0,923.0,893.0,1005.0,924.0,1004.0,993.0,1004.0,966.6
775,1013.0,1013.0,894.0,923.0,903.0,961.0,978.0,1004.0,964.0,1004.0,965.7
776,1013.0,1013.0,894.0,923.0,939.0,961.0,978.0,1018.0,964.0,964.0,966.7
777,1013.0,1013.0,894.0,923.0,939.0,961.0,924.0,1004.0,964.0,964.0,959.9
778,1013.0,1013.0,894.0,923.0,939.0,961.0,978.0,989.0,978.0,964.0,965.2
779,1013.0,1013.0,894.0,923.0,939.0,961.0,978.0,989.0,964.0,964.0,963.8
780,1013.0,1013.0,894.0,923.0,931.0,961.0,978.0,989.0,993.0,964.0,965.9
781,1013.0,1013.0,894.0,923.0,931.0,961.0,970.0,1004.0,993.0,964.0,966.6
782,1013.0,1013.0,894.0,923.0,947.0,978.0,970.0,1024.0,993.0,964.0,971.9
783,1013.0,1013.0,894.0,923.0,947.0,978.0,970.0,1024.0,964.0,964.0,969.0
784,1013.0,1013.0,894.0,931.0,947.0,978.0,924.0,1024.0,964.0,964.0,965.2
785,1013.0,1013.0,941.0,923.0,947.0,978.0,924.0,1024.0,964.0,964.0,969.1
786,1013.0,978.0,941.0,923.0,947.0,978.0,924.0,1024.0,964.0,964.0,965.6
787,1013.0,978.0,941.0,931.0,947.0,978.0,924.0,1024.0,993.0,964.0,969.3
788,1013.0,978.0,941.0,923.0,947.0,978.0,924.0,1024.0,947.0,964.0,963.9
789,1013.0,1013.0,919.0,923.0,947.0,978.0,924.0,1024.0,947.0,964.0,965.2
790,1013.0,1013.0,919.0,923.0,947.0,978.0,953.0,1024.0,947.0,1004.0,972.1
791,1013.0,1013.0,919.0,923.0,947.0,978.0,953.0,1024.0,947.0,1004.0,972.1
792,1013.0,1013.0,919.0,923.0,947.0,978.0,953.0,1024.0,947.0,1004.0,972.1
793,950.0,1013.0,919.0,923.0,947.0,978.0,953.0,1024.0,947.0,1004.0,965.8
794,950.0,1013.0,919.0,923.0,947.0,978.0,953.0,1024.0,947.0,1004.0,965.8
795,950.0,995.0,919.0,923.0,947.0,978.0,953.0,1024.0,947.0,1004.0,964.0
796,950.0,995.0,919.0,923.0,947.0,978.0,953.0,1024.0,947.0,964.0,960.0
797,950.0,978.0,919.0,923.0,947.0,978.0,953.0,1024.0,947.0,964.0,958.3
798,950.0,1018.0,919.0,923.0,993.0,978.0,953.0,1024.0,947.0,964.0,966.9
799,950.0,1018.0,919.0,923.0,947.0,978.0,953.0,1024.0,993.0,960.0,966.5
800,950.0,1018.0,919.0,923.0,947.0,978.0,953.0,1024.0,964.0,960.0,963.6
801,950.0,1018.0,919.0,923.0,947.0,978.0,953.0,1024.0,964.0,960.0,963.6
802,950.0,978.0,922.0,923.0,947.0,978.0,926.0,1024.0,964.0,929.0,954.1
803,950.0,978.0,922.0,923.0,947.0,978.0,924.0,1024.0,993.0,929.0,956.8
804,936.0,978.0,919.0,923.0,947.0,978.0,953.0,1024.0,993.0,967.0,961.8
805,907.0,978.0,919.0,923.0,947.0,978.0,953.0,1024.0,947.0,967.0,954.3
806,950.0,978.0,919.0,923.0,947.0,978.0,953.0,1024.0,947.0,967.0,958.6
807,950.0,995.0,919.0,923.0,947.0,978.0,963.0,1024.0,947.0,967.0,961.3
808,950.0,1013.0,919.0,923.0,947.0,978.0,963.0,1024.0,947.0,967.0,963.1
809,950.0,978.0,919.0,923.0,947.0,976.0,999.0,1024.0,947.0,967.0,963.0
810,950.0,993.0,919.0,923.0,947.0,961.0,999.0,1024.0,947.0,959.0,962.2
811,950.0,978.0,919.0,923.0,947.0,961.0,999.0,1024.0,947.0,964.0,961.2
812,950.0,995.0,919.0,931.0,947.0,961.0,999.0,1024.0,947.0,959.0,963.2
813,950.0,995.0,919.0,923.0,972.0,961.0,999.0,1024.0,947.0,959.0,964.9
814,950.0,995.0,919.0,923.0,947.0,961.0,999.0,1024.0,947.0,959.0,962.4
815,950.0,978.0,919.0,923.0,947.0,961.0,999.0,1024.0,947.0,959.0,960.7
816,950.0,978.0,919.0,923.0,993.0,961.0,999.0,1024.0,947.0,959.0,965.3
817,950.0,978.0,919.0,923.0,947.0,961.0,999.0,1024.0,947.0,959.0,960.7
818,1013.0,917.0,919.0,923.0,947.0,961.0,999.0,1024.0,947.0,959.0,960.9
819,950.0,978.0,919.0,923.0,947.0,961.0,999.0,1024.0,932.0,959.0,959.2
820,950.0,978.0,919.0,923.0,947.0,961.0,999.0,1024.0,906.0,959.0,956.6
821,950.0,978.0,919.0,923.0,947.0,961.0,999.0,1024.0,906.0,959.0,956.6
822,965.0,978.0,919.0,923.0,947.0,961.0,999.0,1024.0,906.0,959.0,958.1
823,965.0,978.0,919.0,931.0,947.0,961.0,999.0,1024.0,921.0,959.0,960.4
824,965.0,993.0,919.0,931.0,947.0,961.0,999.0,1024.0,922.0,959.0,962.0
825,965.0,978.0,919.0,923.0,947.0,961.0,999.0,1024.0,906.0,967.0,958.9
826,965.0,978.0,919.0,923.0,947.0,961.0,999.0,1024.0,913.0,967.0,959.6
827,965.0,1013.0,919.0,923.0,947.0,969.0,999.0,1024.0,906.0,967.0,963.2
828,950.0,1013.0,919.0,923.0,947.0,961.0,999.0,1024.0,916.0,967.0,961.9
829,950.0,1018.0,919.0,923.0,947.0,961.0,999.0,1024.0,916.0,959.0,961.6
830,950.0,1013.0,919.0,923.0,947.0,961.0,999.0,1024.0,916.0,959.0,961.1
831,950.0,1013.0,919.0,931.0,947.0,961.0,999.0,1024.0,916.0,959.0,961.9
832,950.0,1013.0,919.0,941.0,947.0,900.0,999.0,1024.0,916.0,959.0,956.8
833,965.0,1013.0,919.0,923.0,947.0,944.0,999.0,1024.0,916.0,959.0,960.9
834,950.0,1013.0,919.0,931.0,947.0,944.0,999.0,1024.0,916.0,959.0,960.2
835,950.0,1013.0,919.0,931.0,947.0,915.0,999.0,1024.0,916.0,959.0,957.3
836,950.0,1013.0,919.0,931.0,947.0,900.0,999.0,1024.0,916.0,959.0,955.8
837,950.0,1013.0,919.0,931.0,993.0,900.0,999.0,1024.0,916.0,959.0,960.4
838,950.0,1013.0,919.0,958.0,993.0,944.0,999.0,1024.0,916.0,959.0,967.5
839,950.0,1013.0,919.0,958.0,993.0,900.0,999.0,1024.0,916.0,959.0,963.1
840,950.0,1013.0,919.0,958.0,993.0,900.0,999.0,1024.0,916.0,959.0,963.1
841,950.0,1013.0,919.0,958.0,993.0,900.0,999.0,1024.0,916.0,959.0,963.1
842,950.0,978.0,919.0,958.0,985.0,900.0,999.0,1024.0,933.0,959.0,960.5
843,950.0,978.0,919.0,958.0,985.0,900.0,999.0,1024.0,965.0,959.0,963.7
844,950.0,978.0,919.0,966.0,985.0,900.0,999.0,1024.0,893.0,959.0,957.3
845,950.0,952.0,919.0,966.0,985.0,900.0,999.0,1024.0,893.0,959.0,954.7
846,950.0,952.0,919.0,958.0,985.0,961.0,999.0,1024.0,866.0,959.0,957.3
847,950.0,952.0,919.0,958.0,985.0,961.0,999.0,1024.0,866.0,967.0,958.1
848,950.0,952.0,919.0,966.0,985.0,961.0,999.0,1024.0,911.0,967.0,963.4
849,950.0,952.0,919.0,966.0,941.0,961.0,999.0,1024.0,911.0,967.0,959.0
850,950.0,952.0,919.0,966.0,976.0,961.0,999.0,1024.0,911.0,967.0,962.5
851,950.0,952.0,919.0,958.0,941.0,1005.0,999.0,1024.0,911.0,967.0,962.6
852,950.0,952.0,919.0,958.0,941.0,1005.0,999.0,1024.0,908.0,981.0,963.7
853,950.0,952.0,995.0,958.0,981.0,976.0,991.0,1024.0,908.0,981.0,971.6
854,950.0,952.0,995.0,958.0,941.0,976.0,991.0,1024.0,908.0,981.0,967.6
855,919.0,952.0,919.0,958.0,941.0,976.0,991.0,1024.0,893.0,981.0,955.4
856,944.0,952.0,919.0,958.0,941.0,976.0,991.0,1024.0,893.0,981.0,957.9
857,919.0,952.0,919.0,958.0,981.0,976.0,991.0,1024.0,893.0,981.0,959.4
858,904.0,952.0,919.0,958.0,981.0,969.0,991.0,1024.0,893.0,981.0,957.2
859,904.0,952.0,919.0,958.0,989.0,969.0,999.0,1024.0,898.0,981.0,959.3
860,904.0,952.0,919.0,958.0,989.0,1001.0,999.0,1024.0,890.0,981.0,961.7
861,904.0,952.0,919.0,958.0,989.0,969.0,999.0,1024.0,913.0,981.0,960.8
862,904.0,952.0,919.0,969.0,941.0,976.0,999.0,1024.0,873.0,981.0,953.8
863,904.0,1013.0,919.0,969.0,976.0,961.0,999.0,1024.0,873.0,981.0,961.9
864,904.0,952.0,919.0,958.0,976.0,961.0,999.0,1024.0,873.0,981.0,954.7
865,904.0,952.0,919.0,958.0,976.0,961.0,999.0,1024.0,898.0,981.0,957.2
866,904.0,952.0,919.0,969.0,976.0,961.0,999.0,1024.0,898.0,981.0,958.3
867,879.0,952.0,919.0,969.0,976.0,961.0,999.0,1024.0,873.0,981.0,953.3
868,864.0,866.0,919.0,958.0,985.0,961.0,999.0,1024.0,873.0,981.0,943.0
869,864.0,866.0,919.0,958.0,985.0,961.0,999.0,1024.0,873.0,981.0,943.0
870,864.0,866.0,919.0,958.0,941.0,961.0,999.0,1024.0,945.0,981.0,945.8
871,927.0,866.0,919.0,958.0,976.0,1005.0,999.0,1024.0,945.0,981.0,960.0
872,864.0,866.0,919.0,958.0,976.0,1005.0,999.0,1024.0,945.0,981.0,953.7
873,864.0,866.0,919.0,958.0,958.0,1005.0,999.0,1016.0,945.0,981.0,951.1
874,864.0,871.0,919.0,958.0,956.0,1005.0,999.0,1016.0,953.0,981.0,952.2
875,927.0,866.0,919.0,958.0,941.0,1005.0,999.0,1016.0,953.0,981.0,956.5
876,864.0,927.0,911.0,958.0,941.0,1005.0,999.0,1016.0,945.0,981.0,954.7
877,910.0,927.0,911.0,958.0,941.0,1005.0,999.0,1016.0,945.0,981.0,959.3
878,910.0,927.0,911.0,958.0,941.0,1005.0,999.0,1016.0,945.0,981.0,959.3
879,910.0,927.0,911.0,958.0,941.0,961.0,999.0,1016.0,945.0,981.0,954.9
880,910.0,927.0,911.0,958.0,941.0,1005.0,999.0,1016.0,945.0,981.0,959.3
881,910.0,927.0,911.0,958.0,941.0,961.0,999.0,1016.0,945.0,892.0,946.0
882,910.0,927.0,987.0,958.0,976.0,961.0,999.0,1016.0,945.0,892.0,957.1
883,950.0,927.0,987.0,958.0,976.0,961.0,999.0,1016.0,953.0,892.0,961.9
884,950.0,927.0,987.0,958.0,984.0,961.0,999.0,1016.0,953.0,892.0,962.7
885,950.0,1005.0,987.0,958.0,984.0,961.0,991.0,1016.0,953.0,892.0,969.7
886,950.0,927.0,987.0,958.0,984.0,961.0,991.0,1016.0,953.0,892.0,961.9
887,950.0,927.0,987.0,958.0,984.0,961.0,991.0,1016.0,945.0,964.0,968.3
888,950.0,927.0,987.0,958.0,984.0,961.0,999.0,1016.0,945.0,964.0,969.1
889,950.0,927.0,987.0,958.0,984.0,961.0,991.0,1016.0,945.0,964.0,968.3
890,950.0,927.0,987.0,958.0,984.0,961.0,991.0,1016.0,945.0,964.0,968.3
891,950.0,927.0,987.0,958.0,984.0,961.0,991.0,1016.0,945.0,964.0,968.3
892,950.0,927.0,987.0,958.0,984.0,961.0,991.0,1016.0,945.0,964.0,968.3
893,950.0,927.0,987.0,958.0,984.0,1005.0,951.0,1016.0,945.0,964.0,968.7
894,950.0,927.0,987.0,958.0,984.0,1005.0,951.0,1016.0,945.0,964.0,968.7
895,990.0,938.0,987.0,958.0,984.0,1005.0,991.0,1016.0,945.0,964.0,977.8
896,990.0,938.0,915.0,958.0,984.0,1005.0,991.0,1016.0,945.0,964.0,970.6
897,950.0,938.0,915.0,958.0,984.0,1005.0,951.0,1016.0,985.0,964.0,966.6
898,950.0,938.0,915.0,958.0,984.0,1005.0,999.0,1016.0,985.0,964.0,971.4
899,950.0,938.0,987.0,958.0,984.0,961.0,999.0,1016.0,985.0,964.0,974.2
900,950.0,938.0,987.0,958.0,984.0,978.0,919.0,1016.0,985.0,999.0,971.4
901,950.0,938.0,915.0,958.0,984.0,961.0,919.0,1016.0,945.0,999.0,958.5
902,950.0,938.0,915.0,958.0,984.0,961.0,919.0,1016.0,945.0,999.0,958.5
903,990.0,927.0,915.0,958.0,984.0,961.0,959.0,1016.0,945.0,999.0,965.4
904,950.0,927.0,943.0,958.0,984.0,961.0,919.0,1016.0,945.0,999.0,960.2
905,950.0,927.0,915.0,958.0,984.0,978.0,919.0,1016.0,945.0,999.0,959.1
906,950.0,927.0,915.0,958.0,984.0,978.0,919.0,1016.0,930.0,999.0,957.6
907,950.0,927.0,987.0,958.0,984.0,969.0,919.0,1016.0,947.0,999.0,965.6
908,950.0,927.0,923.0,958.0,984.0,969.0,959.0,1016.0,930.0,979.0,959.5
909,950.0,927.0,915.0,958.0,984.0,969.0,959.0,1016.0,930.0,979.0,958.7
910,950.0,927.0,915.0,958.0,984.0,1001.0,999.0,1016.0,930.0,979.0,965.9
911,950.0,932.0,915.0,958.0,984.0,969.0,959.0,1016.0,930.0,979.0,959.2
912,950.0,932.0,915.0,958.0,984.0,1005.0,959.0,1016.0,930.0,971.0,962.0
913,950.0,927.0,950.0,958.0,984.0,1005.0,959.0,1016.0,930.0,979.0,965.8
914,950.0,927.0,987.0,958.0,984.0,1005.0,999.0,1016.0,945.0,979.0,975.0
915,950.0,927.0,915.0,966.0,984.0,1005.0,999.0,972.0,970.0,979.0,966.7
916,950.0,927.0,915.0,966.0,984.0,1005.0,999.0,989.0,970.0,971.0,967.6
917,950.0,892.0,915.0,958.0,984.0,1005.0,1013.0,989.0,970.0,971.0,964.7
918,950.0,885.0,987.0,958.0,984.0,1005.0,999.0,1016.0,945.0,971.0,970.0
919,950.0,885.0,923.0,958.0,984.0,1005.0,959.0,1016.0,945.0,971.0,959.6
920,950.0,885.0,915.0,958.0,984.0,1005.0,959.0,1016.0,945.0,971.0,958.8
921,950.0,885.0,915.0,958.0,984.0,1005.0,959.0,1016.0,945.0,971.0,958.8
922,984.0,885.0,915.0,966.0,984.0,1005.0,959.0,1016.0,947.0,971.0,963.2
923,950.0,885.0,930.0,966.0,984.0,1005.0,959.0,1024.0,953.0,971.0,962.7
924,921.0,885.0,955.0,966.0,984.0,1005.0,924.0,1024.0,965.0,979.0,960.8
925,921.0,885.0,930.0,966.0,984.0,1005.0,919.0,1024.0,965.0,971.0,957.0
926,921.0,885.0,955.0,966.0,984.0,1013.0,919.0,1024.0,947.0,971.0,958.5
927,921.0,885.0,955.0,966.0,984.0,1013.0,919.0,1016.0,947.0,971.0,957.7
928,921.0,885.0,930.0,966.0,984.0,1013.0,919.0,1016.0,947.0,971.0,955.2
929,936.0,885.0,930.0,966.0,984.0,1013.0,965.0,1016.0,947.0,971.0,961.3
930,961.0,885.0,930.0,966.0,984.0,1013.0,919.0,1016.0,947.0,971.0,959.2
931,921.0,885.0,930.0,966.0,984.0,1013.0,919.0,1016.0,930.0,971.0,953.5
932,921.0,885.0,915.0,966.0,984.0,1013.0,934.0,1016.0,930.0,971.0,953.5
933,961.0,885.0,915.0,966.0,984.0,1013.0,934.0,1016.0,930.0,971.0,957.5
934,961.0,885.0,955.0,966.0,984.0,1013.0,936.0,1016.0,965.0,979.0,966.0
935,961.0,885.0,987.0,966.0,984.0,1013.0,936.0,1016.0,965.0,971.0,968.4
936,950.0,885.0,987.0,966.0,984.0,1013.0,936.0,1016.0,965.0,971.0,967.3
937,950.0,885.0,987.0,966.0,984.0,1013.0,936.0,1016.0,965.0,971.0,967.3
938,950.0,963.0,987.0,966.0,984.0,1013.0,936.0,1016.0,965.0,956.0,973.6
939,961.0,963.0,987.0,966.0,984.0,1013.0,934.0,1016.0,965.0,956.0,974.5
940,950.0,885.0,987.0,966.0,984.0,1013.0,934.0,1016.0,965.0,956.0,965.6
941,950.0,885.0,987.0,966.0,984.0,1013.0,934.0,1016.0,965.0,956.0,965.6
942,950.0,885.0,987.0,966.0,984.0,1013.0,936.0,1016.0,965.0,956.0,965.8
943,950.0,885.0,950.0,966.0,984.0,1013.0,936.0,1016.0,1005.0,971.0,967.6
944,950.0,885.0,950.0,966.0,984.0,1013.0,936.0,1016.0,1005.0,956.0,966.1
945,984.0,885.0,950.0,966.0,984.0,1013.0,936.0,1016.0,965.0,956.0,965.5
946,984.0,885.0,950.0,966.0,984.0,1013.0,936.0,1024.0,965.0,956.0,966.3
947,984.0,885.0,950.0,966.0,906.0,1013.0,936.0,1024.0,965.0,956.0,958.5
948,984.0,885.0,950.0,958.0,906.0,1013.0,936.0,1024.0,965.0,956.0,957.7
949,950.0,885.0,958.0,958.0,906.0,1013.0,936.0,1024.0,965.0,956.0,955.1
950,950.0,885.0,958.0,958.0,906.0,986.0,936.0,1024.0,965.0,1010.0,957.8
951,950.0,885.0,950.0,958.0,906.0,973.0,936.0,1024.0,965.0,1010.0,955.7
952,950.0,909.0,921.0,958.0,906.0,986.0,950.0,1024.0,965.0,1010.0,957.9
953,990.0,909.0,921.0,966.0,984.0,1005.0,936.0,1024.0,965.0,1010.0,971.0
954,990.0,909.0,921.0,966.0,984.0,986.0,950.0,1024.0,965.0,1010.0,970.5
955,950.0,909.0,921.0,958.0,984.0,986.0,999.0,1024.0,965.0,1010.0,970.6
956,950.0,909.0,921.0,958.0,984.0,986.0,950.0,1024.0,965.0,1010.0,965.7
957,950.0,909.0,921.0,958.0,984.0,986.0,950.0,1024.0,965.0,1010.0,965.7
958,950.0,909.0,921.0,958.0,984.0,986.0,950.0,1024.0,965.0,1010.0,965.7
959,950.0,909.0,921.0,958.0,984.0,986.0,950.0,1024.0,1005.0,1010.0,969.7
960,950.0,909.0,921.0,958.0,984.0,986.0,965.0,1024.0,1005.0,1018.0,972.0
961,950.0,909.0,921.0,966.0,984.0,986.0,965.0,1024.0,1005.0,1018.0,972.8
962,950.0,909.0,950.0,958.0,984.0,984.0,965.0,1016.0,1005.0,1010.0,973.1
963,950.0,909.0,921.0,981.0,984.0,984.0,965.0,1024.0,1005.0,1010.0,973.3
964,990.0,909.0,950.0,981.0,984.0,984.0,965.0,1016.0,1005.0,1010.0,979.4
965,990.0,909.0,921.0,981.0,984.0,984.0,965.0,1024.0,1005.0,1010.0,977.3
966,950.0,963.0,987.0,981.0,984.0,984.0,965.0,1016.0,1005.0,1010.0,984.5
967,950.0,963.0,987.0,981.0,984.0,949.0,965.0,1016.0,1005.0,1010.0,981.0
968,950.0,963.0,987.0,981.0,984.0,923.0,965.0,1016.0,1005.0,1010.0,978.4
969,950.0,963.0,987.0,981.0,955.0,923.0,1013.0,1016.0,1005.0,1010.0,980.3
970,950.0,963.0,987.0,981.0,955.0,923.0,1013.0,1016.0,1005.0,1010.0,980.3
971,950.0,963.0,987.0,981.0,955.0,923.0,1013.0,1016.0,1005.0,1010.0,980.3
972,990.0,963.0,987.0,981.0,955.0,923.0,1013.0,1016.0,1005.0,1010.0,984.3
973,990.0,963.0,987.0,981.0,955.0,923.0,1013.0,1016.0,1005.0,1010.0,984.3
974,990.0,963.0,987.0,981.0,995.0,923.0,1013.0,1016.0,1005.0,1010.0,988.3
975,990.0,963.0,987.0,981.0,955.0,969.0,1013.0,1016.0,1005.0,1010.0,988.9
976,990.0,963.0,987.0,981.0,955.0,969.0,1013.0,1024.0,1005.0,1010.0,989.7
977,950.0,963.0,987.0,981.0,955.0,969.0,1013.0,1024.0,1005.0,1010.0,985.7
978,950.0,963.0,987.0,989.0,955.0,969.0,1013.0,970.0,1005.0,1010.0,981.1
979,950.0,963.0,987.0,981.0,955.0,995.0,1013.0,970.0,1005.0,1010.0,982.9
980,950.0,963.0,987.0,981.0,955.0,995.0,1013.0,970.0,1005.0,1010.0,982.9
981,950.0,963.0,987.0,981.0,955.0,995.0,1013.0,1016.0,1005.0,1010.0,987.5
982,950.0,963.0,987.0,981.0,955.0,995.0,1013.0,1016.0,1005.0,1010.0,987.5
983,950.0,963.0,987.0,981.0,955.0,995.0,1013.0,1016.0,1005.0,1010.0,987.5
984,950.0,963.0,987.0,981.0,955.0,995.0,1013.0,1016.0,1005.0,1010.0,987.5
985,950.0,963.0,987.0,920.0,955.0,995.0,1013.0,1016.0,1005.0,1010.0,981.4
986,950.0,963.0,987.0,920.0,995.0,995.0,1013.0,1016.0,1005.0,1010.0,985.4
987,950.0,963.0,987.0,920.0,995.0,995.0,1013.0,1016.0,1005.0,1010.0,985.4
988,950.0,963.0,987.0,920.0,995.0,995.0,1013.0,1016.0,1005.0,1010.0,985.4
989,950.0,963.0,987.0,920.0,960.0,995.0,1013.0,1016.0,1005.0,1010.0,981.9
990,990.0,963.0,987.0,920.0,995.0,995.0,1013.0,1016.0,1005.0,1010.0,989.4
991,950.0,963.0,987.0,920.0,995.0,995.0,1013.0,1016.0,1005.0,1010.0,985.4
992,950.0,963.0,987.0,981.0,995.0,995.0,1013.0,1016.0,1013.0,1010.0,992.3
993,950.0,963.0,987.0,981.0,995.0,995.0,1013.0,1016.0,1013.0,1010.0,992.3
994,950.0,963.0,987.0,941.0,995.0,1004.0,1013.0,1016.0,1005.0,1010.0,988.4
995,950.0,963.0,987.0,920.0,995.0,1004.0,1013.0,1024.0,1005.0,1010.0,987.1
996,950.0,963.0,987.0,920.0,995.0,995.0,1013.0,1024.0,1005.0,1010.0,986.2
997,950.0,963.0,987.0,920.0,995.0,995.0,1013.0,1016.0,1005.0,1010.0,985.4
998,950.0,963.0,987.0,920.0,995.0,995.0,1013.0,1016.0,1005.0,970.0,981.4
999,950.0,963.0,987.0,920.0,995.0,995.0,1013.0,1016.0,1005.0,970.0,981.4
