,Run # 0 ASF,Run # 1 ASF,Run # 2 ASF,Run # 3 ASF,Run # 4 ASF,Run # 5 ASF,Run # 6 ASF,Run # 7 ASF,Run # 8 ASF,Run # 9 ASF,Avg ASF
0,706.8666666666667,828.9666666666667,737.6666666666666,778.6333333333333,831.5,745.8,798.4666666666667,729.3333333333334,786.0,830.0666666666667,777.33
1,741.9666666666667,911.1666666666666,781.6666666666666,853.4,885.0,780.0,827.7333333333333,774.1,804.0,881.0,824.0033333333333
2,752.1333333333333,938.6,833.0,857.0,885.0,784.4666666666667,860.0,847.0,837.7333333333333,881.0,847.5933333333335
3,758.0,989.6,833.0,857.0,885.0,796.8666666666667,860.0,852.0,887.9333333333333,881.0,860.0400000000002
4,780.0,995.0,833.0,897.4333333333333,885.0,826.0,857.5,852.0,912.0,881.0,871.8933333333334
5,802.0,995.0,872.5,932.0,885.0,843.5,860.0,852.0,912.0,881.0,883.5
6,802.0,995.0,899.3333333333334,932.0,885.0,898.5,860.0,855.0666666666667,912.0,881.0,891.99
7,802.0,995.0,934.0,932.0,885.0,901.0,860.0,893.4,912.0,881.0,899.54
8,812.0,995.0,934.0,932.0,885.0,901.0,860.0,898.0,912.0,881.0,901.0
9,877.0,995.0,934.0,932.0,885.0,901.0,860.0,898.0,935.0,881.0,909.8
10,877.0,995.0,934.0,900.9333333333333,885.0,901.0,911.9,898.0,958.0,881.0,914.1833333333334
11,877.0,995.0,934.0,932.0,885.0,901.0,938.0,898.0,958.0,881.0,919.9
12,877.0,995.0,934.0,932.0,885.0,901.0,938.0,898.0,963.8666666666667,881.0,920.4866666666667
13,877.0,995.0,934.0,932.0,885.0,901.0,943.0,898.0,966.0,881.0,921.2
14,877.0,995.0,934.0,932.0,885.0,901.0,938.0,898.0,966.0,881.0,920.7
15,877.0,992.5,934.0,932.0,885.0,901.0,938.0,898.0,966.0,881.0,920.45
16,877.0,992.9,934.0,932.0,885.0,901.0,945.5,898.0,966.0,881.0,921.24
17,877.0,995.0,934.0,932.0,885.0,901.0,995.5,898.0,966.0,881.0,926.45
18,877.0,995.0,934.0,932.0,885.0,901.0,1013.0,898.0,966.0,881.0,928.2
19,877.0,995.0,934.0,932.0,885.0,901.0,1013.0,898.0,966.0,881.0,928.2
20,877.0,995.0,934.0,932.0,885.0,900.4333333333333,1013.0,902.2666666666667,966.0,881.0,928.57
21,877.0,995.0,934.0,932.0,885.0,901.0,1013.0,906.0,966.0,881.0,929.0
22,877.0,995.0,934.0,929.6,885.0,901.0,1013.0,906.0,966.0,881.0,928.76
23,877.0,995.0,934.0,932.0,885.0,901.0,1013.0,906.0,966.0,881.0,929.0
24,877.0,995.0,934.0,932.0,885.0,901.0,1013.0,906.0,966.0,881.0,929.0
25,877.0,995.0,934.0,932.0,885.0,901.0,1013.0,906.0,966.0,881.0,929.0
26,877.0,995.0,934.0,932.0,885.0,901.0,1013.0,906.0,966.0,881.0,929.0
27,877.0,995.0,934.0,932.0,885.0,901.0,1009.9666666666667,906.0,966.0,881.0,928.6966666666667
28,877.0,995.0,934.0,932.0,885.0,901.0,1013.0,906.0,966.0,881.0,929.0
29,877.0,995.0,934.0,932.0,885.0,901.0,1013.0,906.0,966.0,881.0,929.0
30,877.0,995.0,934.0,932.0,885.0,901.0,1013.0,906.0,966.0,881.0,929.0
31,877.0,995.0,931.4,932.0,885.0,901.0,1013.0,906.0,966.0,881.0,928.74
32,877.0,995.0,934.0,932.0,885.0,901.0,1013.0,906.0,966.0,881.0,929.0
33,877.0,995.0,934.0,932.0,885.0,901.0,1013.0,903.6666666666666,966.0,881.0,928.7666666666667
34,877.0,995.0,934.0,932.0,885.0,901.0,1013.0,906.0,966.0,881.0,929.0
35,877.0,995.0,934.0,932.0,885.0,901.0,1013.0,906.0,966.0,881.0,929.0
36,877.0,995.0,934.0,932.0,885.0,901.0,1013.0,906.0,966.0,881.0,929.0
37,877.0,995.0,934.0,931.4333333333333,885.0,901.0,1013.0,906.0,966.0,881.0,928.9433333333334
38,877.0,995.0,934.0,932.0,885.0,901.0,1013.0,903.9666666666667,964.4666666666667,881.0,928.6433333333334
39,877.0,995.0,934.0,932.0,885.0,901.0,1013.0,906.0,963.6,881.0,928.76
40,877.0,995.0,934.0,932.0,885.0,901.0,1013.0,906.0,966.0,881.0,929.0
41,877.0,995.0,934.0,932.0,885.0,901.0,1013.0,903.5,966.0,881.0,928.75
42,877.0,995.0,933.4333333333333,932.0,885.0,901.0,1013.0,906.0,966.0,881.0,928.9433333333334
43,877.0,995.0,934.0,932.0,885.0,901.0,1013.0,906.0,964.4666666666667,881.0,928.8466666666667
44,877.0,995.0,934.0,932.0,885.0,901.0,1013.0,906.0,966.0,881.0,929.0
45,877.0,995.0,934.0,932.0,885.0,901.0,1013.0,906.0,966.0,881.0,929.0
46,877.0,995.0,934.0,932.0,885.0,901.0,1013.0,906.0,966.0,881.0,929.0
47,877.0,995.0,934.0,932.0,885.0,901.0,1013.0,903.5,966.0,881.0,928.75
48,877.0,995.0,934.0,932.0,885.0,901.0,1013.0,906.0,966.0,881.0,929.0
49,877.0,995.0,934.0,932.0,885.0,901.0,1013.0,906.0,966.0,881.0,929.0
50,877.0,995.0,934.0,932.0,885.0,901.0,1013.0,906.0,966.0,851.6333333333333,926.0633333333333
51,877.0,995.0,934.0,932.0,885.0,901.0,1013.0,906.0,966.0,881.0,929.0
52,874.4333333333333,995.0,934.0,932.0,885.0,901.0,1011.8333333333334,906.0,966.0,881.0,928.6266666666667
53,877.0,995.0,934.0,932.0,882.5,901.0,1013.0,906.0,966.0,881.0,928.75
54,877.0,995.0,934.0,932.0,885.0,900.5,1013.0,906.0,966.0,881.0,928.95
55,877.0,995.0,934.0,900.9333333333333,885.0,901.0,1013.0,906.0,966.0,881.0,925.8933333333334
56,877.0,995.0,934.0,932.0,883.5333333333333,901.0,1013.0,906.0,966.0,881.0,928.8533333333332
57,875.5333333333333,995.0,934.0,932.0,885.0,901.0,1013.0,906.0,966.0,881.0,928.8533333333332
58,877.0,995.0,934.0,932.0,885.0,901.0,1013.0,906.0,966.0,881.0,929.0
59,877.0,995.0,934.0,932.0,885.0,901.0,1013.0,906.0,966.0,881.0,929.0
60,877.0,995.0,934.0,932.0,885.0,901.0,1013.0,906.0,966.0,881.0,929.0
61,877.0,995.0,934.0,932.0,885.0,901.0,1013.0,906.0,966.0,881.0,929.0
62,877.0,995.0,934.0,932.0,885.0,901.0,1013.0,906.0,966.0,881.0,929.0
63,877.0,995.0,934.0,932.0,885.0,901.0,1013.0,906.0,966.0,881.0,929.0
64,877.0,995.0,934.0,932.0,885.0,901.0,1013.0,906.0,963.5,881.0,928.75
65,877.0,995.0,934.0,932.0,885.0,901.0,1013.0,906.0,966.0,881.0,929.0
66,877.0,995.0,934.0,932.0,885.0,901.0,1013.0,906.0,966.0,881.0,929.0
67,877.0,995.0,934.0,932.0,885.0,901.0,1013.0,906.0,966.0,881.0,929.0
68,877.0,995.0,934.0,932.0,885.0,901.0,1013.0,906.0,966.0,881.0,929.0
69,877.0,995.0,934.0,932.0,885.0,901.0,1013.0,906.0,966.0,881.0,929.0
70,877.0,995.0,934.0,932.0,882.6,901.0,1013.0,906.0,966.0,881.0,928.76
71,877.0,995.0,934.0,932.0,885.0,901.0,1013.0,906.0,966.0,881.0,929.0
72,877.0,995.0,934.0,932.0,885.0,901.0,1012.0333333333333,906.0,966.0,881.0,928.9033333333333
73,874.5,995.0,934.0,932.0,885.0,901.0,1013.0,906.0,966.0,881.0,928.75
74,877.0,995.0,934.0,932.0,885.0,901.0,1013.0,906.0,966.0,881.0,929.0
75,877.0,995.0,934.0,932.0,885.0,898.6,1013.0,906.0,966.0,881.0,928.76
76,877.0,995.0,934.0,932.0,885.0,901.0,1013.0,906.0,966.0,881.0,929.0
77,877.0,995.0,934.0,932.0,885.0,901.0,1013.0,906.0,966.0,881.0,929.0
78,877.0,995.0,934.0,932.0,885.0,901.0,1013.0,906.0,966.0,881.0,929.0
79,877.0,995.0,934.0,932.0,885.0,901.0,1013.0,906.0,966.0,881.0,929.0
80,877.0,993.8333333333334,934.0,932.0,885.0,901.0,1013.0,906.0,966.0,881.0,928.8833333333334
81,877.0,995.0,934.0,932.0,855.5,901.0,1013.0,906.0,966.0,881.0,926.05
82,877.0,995.0,934.0,932.0,885.0,901.0,1013.0,906.0,966.0,881.0,929.0
83,877.0,995.0,934.0,932.0,885.0,901.0,1013.0,906.0,965.5,881.0,928.95
84,877.0,995.0,934.0,932.0,885.0,901.0,1013.0,906.0,966.0,881.0,929.0
85,877.0,995.0,934.0,932.0,883.2,901.0,1013.0,906.0,966.0,881.0,928.82
86,877.0,995.0,934.0,932.0,885.0,901.0,1013.0,906.0,966.0,881.0,929.0
87,877.0,995.0,934.0,932.0,885.0,901.0,1013.0,906.0,966.0,881.0,929.0
88,877.0,995.0,934.0,932.0,885.0,901.0,1013.0,906.0,966.0,881.0,929.0
89,877.0,995.0,934.0,932.0,885.0,901.0,1013.0,906.0,966.0,881.0,929.0
90,877.0,995.0,934.0,932.0,885.0,901.0,1013.0,906.0,966.0,881.0,929.0
91,877.0,995.0,934.0,932.0,885.0,901.0,1013.0,906.0,966.0,881.0,929.0
92,877.0,995.0,934.0,932.0,885.0,901.0,1013.0,906.0,966.0,881.0,929.0
93,876.4333333333333,995.0,934.0,932.0,885.0,901.0,1013.0,906.0,966.0,881.0,928.9433333333334
94,877.0,995.0,934.0,932.0,885.0,901.0,1013.0,906.0,966.0,881.0,929.0
95,877.0,995.0,934.0,932.0,885.0,901.0,1013.0,906.0,966.0,881.0,929.0
96,877.0,995.0,934.0,932.0,885.0,901.0,1013.0,906.0,966.0,881.0,929.0
97,877.0,995.0,934.0,932.0,885.0,901.0,1013.0,906.0,966.0,881.0,929.0
98,877.0,995.0,933.0333333333333,932.0,885.0,901.0,1013.0,906.0,966.0,881.0,928.9033333333333
99,877.0,995.0,934.0,932.0,885.0,901.0,1013.0,906.0,966.0,881.0,929.0
100,877.0,995.0,934.0,932.0,885.0,901.0,1010.5,906.0,966.0,881.0,928.75
101,877.0,995.0,934.0,932.0,885.0,901.0,1013.0,906.0,966.0,881.0,929.0
102,877.0,995.0,934.0,932.0,885.0,901.0,1013.0,906.0,966.0,881.0,929.0
103,877.0,995.0,934.0,932.0,885.0,901.0,1013.0,906.0,966.0,879.4666666666667,928.8466666666667
104,877.0,995.0,931.5,932.0,885.0,901.0,1013.0,906.0,966.0,881.0,928.75
105,877.0,995.0,934.0,932.0,885.0,901.0,1013.0,906.0,966.0,881.0,929.0
106,877.0,995.0,934.0,932.0,885.0,901.0,1013.0,906.0,966.0,881.0,929.0
107,877.0,995.0,934.0,932.0,885.0,901.0,1013.0,906.0,966.0,881.0,929.0
108,877.0,995.0,934.0,932.0,885.0,901.0,1013.0,906.0,966.0,881.0,929.0
109,877.0,995.0,934.0,932.0,885.0,901.0,1013.0,906.0,966.0,881.0,929.0
110,877.0,995.0,934.0,932.0,885.0,901.0,1013.0,906.0,966.0,881.0,929.0
111,877.0,995.0,934.0,932.0,885.0,901.0,1013.0,906.0,966.0,881.0,929.0
112,877.0,995.0,934.0,932.0,885.0,901.0,1013.0,906.0,966.0,881.0,929.0
113,877.0,995.0,934.0,932.0,885.0,901.0,1013.0,906.0,966.0,881.0,929.0
114,877.0,995.0,934.0,932.0,885.0,901.0,1013.0,906.0,966.0,881.0,929.0
115,877.0,995.0,934.0,932.0,885.0,901.0,1013.0,906.0,966.0,881.0,929.0
116,877.0,995.0,934.0,932.0,885.0,901.0,1013.0,906.0,966.0,881.0,929.0
117,873.9666666666667,995.0,934.0,932.0,885.0,901.0,1012.0333333333333,906.0,966.0,881.0,928.6
118,877.0,995.0,934.0,932.0,885.0,901.0,1013.0,906.0,966.0,881.0,929.0
119,877.0,995.0,934.0,932.0,885.0,901.0,1013.0,906.0,966.0,881.0,929.0
120,877.0,995.0,934.0,932.0,885.0,901.0,1013.0,903.5,966.0,880.5,928.7
121,877.0,995.0,934.0,932.0,885.0,901.0,1013.0,906.0,966.0,881.0,929.0
122,877.0,995.0,934.0,932.0,885.0,901.0,1013.0,906.0,966.0,881.0,929.0
123,877.0,995.0,934.0,932.0,885.0,901.0,1013.0,906.0,966.0,881.0,929.0
124,877.0,995.0,934.0,932.0,885.0,901.0,1013.0,906.0,966.0,881.0,929.0
125,877.0,995.0,934.0,930.8333333333334,885.0,901.0,1013.0,906.0,966.0,881.0,928.8833333333334
126,877.0,995.0,934.0,932.0,885.0,901.0,1009.2666666666667,906.0,966.0,881.0,928.6266666666667
127,877.0,995.0,934.0,932.0,885.0,901.0,1013.0,906.0,966.0,881.0,929.0
128,877.0,995.0,934.0,932.0,885.0,901.0,1013.0,906.0,966.0,881.0,929.0
129,877.0,995.0,934.0,932.0,885.0,901.0,1013.0,906.0,966.0,881.0,929.0
130,876.4333333333333,995.0,934.0,932.0,885.0,901.0,1012.0333333333333,906.0,966.0,881.0,928.8466666666667
131,877.0,995.0,934.0,932.0,885.0,901.0,1013.0,906.0,966.0,881.0,929.0
132,877.0,995.0,934.0,932.0,885.0,901.0,1013.0,906.0,966.0,881.0,929.0
133,877.0,995.0,934.0,932.0,885.0,901.0,1013.0,906.0,966.0,881.0,929.0
134,877.0,995.0,934.0,932.0,885.0,901.0,1013.0,906.0,966.0,881.0,929.0
135,877.0,995.0,934.0,931.4333333333333,885.0,901.0,1013.0,906.0,966.0,881.0,928.9433333333334
136,877.0,995.0,934.0,932.0,885.0,901.0,1013.0,906.0,966.0,881.0,929.0
137,875.5333333333333,995.0,934.0,932.0,885.0,901.0,1013.0,906.0,966.0,881.0,928.8533333333332
138,877.0,995.0,934.0,932.0,882.9,901.0,1011.8333333333334,906.0,966.0,881.0,928.6733333333334
139,877.0,995.0,934.0,932.0,885.0,901.0,1013.0,906.0,966.0,881.0,929.0
140,877.0,995.0,934.0,932.0,885.0,901.0,1013.0,906.0,966.0,881.0,929.0
141,877.0,995.0,934.0,932.0,885.0,901.0,1013.0,906.0,966.0,881.0,929.0
142,877.0,995.0,934.0,932.0,885.0,901.0,1013.0,906.0,966.0,878.5,928.75
143,877.0,995.0,934.0,932.0,885.0,901.0,1013.0,906.0,966.0,881.0,929.0
144,877.0,995.0,934.0,932.0,885.0,901.0,1013.0,904.6666666666666,966.0,881.0,928.8666666666666
145,877.0,995.0,934.0,932.0,885.0,901.0,1013.0,906.0,966.0,881.0,929.0
146,877.0,995.0,934.0,932.0,885.0,901.0,1011.6666666666666,906.0,966.0,881.0,928.8666666666666
147,877.0,995.0,934.0,930.6666666666666,885.0,901.0,1011.8333333333334,906.0,966.0,881.0,928.75
148,877.0,995.0,934.0,932.0,885.0,901.0,1013.0,906.0,966.0,881.0,929.0
149,877.0,995.0,934.0,932.0,885.0,901.0,1013.0,906.0,966.0,881.0,929.0
150,877.0,995.0,934.0,932.0,885.0,901.0,1012.0333333333333,906.0,966.0,881.0,928.9033333333333
151,877.0,995.0,934.0,932.0,885.0,901.0,1013.0,906.0,966.0,881.0,929.0
152,877.0,995.0,934.0,932.0,881.9666666666667,901.0,1013.0,906.0,966.0,881.0,928.6966666666667
153,877.0,995.0,934.0,932.0,885.0,901.0,1013.0,906.0,966.0,881.0,929.0
154,877.0,995.0,934.0,932.0,885.0,901.0,1013.0,906.0,966.0,881.0,929.0
155,877.0,995.0,934.0,932.0,885.0,870.9666666666667,1013.0,906.0,966.0,881.0,925.9966666666667
156,877.0,995.0,934.0,932.0,885.0,901.0,1013.0,906.0,966.0,881.0,929.0
157,877.0,995.0,934.0,932.0,885.0,901.0,1013.0,906.0,966.0,881.0,929.0
158,877.0,995.0,931.4,932.0,885.0,898.5,1013.0,906.0,966.0,881.0,928.49
159,876.7333333333333,995.0,934.0,932.0,885.0,901.0,1013.0,906.0,966.0,879.5333333333333,928.8266666666666
160,877.0,995.0,934.0,932.0,885.0,901.0,1013.0,906.0,963.4,881.0,928.74
161,877.0,995.0,934.0,932.0,885.0,901.0,1010.4333333333333,906.0,966.0,881.0,928.7433333333335
162,877.0,995.0,934.0,932.0,885.0,901.0,1013.0,906.0,966.0,881.0,929.0
163,877.0,995.0,934.0,932.0,885.0,901.0,1013.0,906.0,966.0,881.0,929.0
164,877.0,995.0,934.0,932.0,885.0,901.0,1013.0,906.0,966.0,881.0,929.0
165,877.0,995.0,934.0,932.0,885.0,901.0,1013.0,906.0,966.0,881.0,929.0
166,877.0,995.0,934.0,932.0,885.0,901.0,1013.0,906.0,966.0,881.0,929.0
167,877.0,995.0,934.0,932.0,885.0,901.0,1013.0,906.0,966.0,881.0,929.0
168,874.9666666666667,995.0,934.0,932.0,885.0,901.0,1013.0,906.0,966.0,881.0,928.7966666666667
169,877.0,995.0,934.0,932.0,885.0,901.0,1013.0,906.0,966.0,881.0,929.0
170,877.0,994.7333333333333,934.0,932.0,885.0,901.0,1013.0,906.0,966.0,881.0,928.9733333333334
171,876.0333333333333,995.0,934.0,932.0,885.0,901.0,1013.0,906.0,966.0,881.0,928.9033333333333
172,877.0,995.0,934.0,932.0,885.0,901.0,1013.0,906.0,966.0,881.0,929.0
173,877.0,995.0,934.0,932.0,885.0,901.0,1013.0,906.0,966.0,881.0,929.0
174,877.0,995.0,934.0,932.0,885.0,901.0,1013.0,906.0,966.0,881.0,929.0
175,877.0,995.0,934.0,932.0,885.0,901.0,1013.0,904.6666666666666,966.0,881.0,928.8666666666666
176,877.0,995.0,934.0,932.0,885.0,901.0,1013.0,905.4666666666667,966.0,881.0,928.9466666666667
177,877.0,995.0,934.0,932.0,885.0,901.0,1013.0,906.0,966.0,881.0,929.0
178,877.0,995.0,934.0,932.0,885.0,901.0,1013.0,906.0,966.0,881.0,929.0
179,877.0,995.0,934.0,932.0,885.0,901.0,1013.0,906.0,966.0,881.0,929.0
180,877.0,995.0,934.0,932.0,885.0,901.0,1013.0,906.0,964.6666666666666,881.0,928.8666666666666
181,877.0,995.0,932.2,932.0,885.0,901.0,1013.0,906.0,966.0,881.0,928.82
182,877.0,995.0,934.0,932.0,882.4,901.0,1013.0,906.0,966.0,881.0,928.74
183,877.0,995.0,934.0,932.0,885.0,901.0,1013.0,905.4333333333333,966.0,881.0,928.9433333333334
184,877.0,995.0,934.0,932.0,885.0,901.0,1013.0,906.0,966.0,879.6666666666666,928.8666666666666
185,877.0,995.0,934.0,932.0,885.0,901.0,1013.0,906.0,966.0,881.0,929.0
186,877.0,995.0,934.0,932.0,885.0,901.0,1013.0,906.0,966.0,881.0,929.0
187,877.0,995.0,934.0,932.0,885.0,901.0,1013.0,906.0,966.0,881.0,929.0
188,877.0,995.0,934.0,932.0,885.0,901.0,1013.0,906.0,966.0,881.0,929.0
189,877.0,995.0,934.0,932.0,885.0,901.0,1011.6666666666666,906.0,966.0,881.0,928.8666666666666
190,877.0,993.6666666666666,934.0,932.0,885.0,901.0,1013.0,906.0,966.0,881.0,928.8666666666666
191,877.0,995.0,934.0,932.0,885.0,901.0,1013.0,906.0,966.0,881.0,929.0
192,877.0,995.0,934.0,932.0,885.0,901.0,1013.0,906.0,966.0,881.0,929.0
193,877.0,995.0,934.0,932.0,885.0,901.0,1013.0,906.0,966.0,881.0,929.0
194,877.0,995.0,934.0,932.0,885.0,901.0,1013.0,906.0,966.0,881.0,929.0
195,877.0,995.0,934.0,932.0,885.0,901.0,1013.0,906.0,966.0,881.0,929.0
196,877.0,995.0,934.0,932.0,885.0,901.0,1013.0,905.5,966.0,881.0,928.95
197,877.0,995.0,934.0,932.0,885.0,901.0,1013.0,906.0,966.0,881.0,929.0
198,877.0,993.2,934.0,932.0,884.5,901.0,1013.0,906.0,966.0,881.0,928.7700000000001
199,877.0,995.0,934.0,932.0,885.0,901.0,1013.0,903.0,966.0,881.0,928.7
200,877.0,995.0,934.0,932.0,885.0,901.0,1013.0,906.0,966.0,881.0,929.0
201,877.0,992.4333333333333,933.0333333333333,932.0,885.0,901.0,1013.0,904.6666666666666,966.0,881.0,928.5133333333333
202,877.0,995.0,934.0,932.0,885.0,901.0,1013.0,906.0,966.0,881.0,929.0
203,877.0,995.0,934.0,932.0,885.0,901.0,1013.0,906.0,963.5,881.0,928.75
204,877.0,994.5,934.0,932.0,885.0,901.0,1013.0,906.0,966.0,881.0,928.95
205,877.0,995.0,934.0,932.0,885.0,901.0,1013.0,906.0,966.0,881.0,929.0
206,877.0,995.0,934.0,932.0,885.0,901.0,1013.0,906.0,966.0,881.0,929.0
207,877.0,995.0,934.0,929.4,885.0,901.0,1013.0,906.0,966.0,881.0,928.74
208,877.0,995.0,934.0,931.4333333333333,885.0,901.0,1013.0,903.5,962.9666666666667,881.0,928.39
209,877.0,995.0,934.0,932.0,885.0,901.0,1013.0,906.0,966.0,881.0,929.0
210,877.0,995.0,934.0,932.0,884.4333333333333,901.0,1013.0,906.0,966.0,881.0,928.9433333333334
211,877.0,995.0,934.0,932.0,885.0,901.0,1013.0,906.0,966.0,881.0,929.0
212,877.0,995.0,932.4666666666667,932.0,885.0,901.0,1013.0,903.9666666666667,966.0,881.0,928.6433333333334
213,877.0,995.0,934.0,932.0,885.0,901.0,1010.6,906.0,966.0,881.0,928.76
214,877.0,995.0,934.0,932.0,885.0,901.0,1013.0,906.0,966.0,881.0,929.0
215,877.0,995.0,934.0,932.0,885.0,901.0,1013.0,906.0,966.0,881.0,929.0
216,877.0,995.0,934.0,932.0,885.0,901.0,1013.0,906.0,966.0,881.0,929.0
217,877.0,995.0,934.0,932.0,885.0,901.0,1011.6666666666666,904.2,966.0,881.0,928.6866666666667
218,877.0,995.0,934.0,932.0,885.0,901.0,1013.0,906.0,966.0,881.0,929.0
219,877.0,995.0,934.0,932.0,883.4666666666667,901.0,1013.0,906.0,966.0,881.0,928.8466666666667
220,877.0,995.0,934.0,932.0,885.0,901.0,1013.0,906.0,966.0,881.0,929.0
221,877.0,995.0,934.0,932.0,885.0,901.0,1013.0,906.0,966.0,881.0,929.0
222,877.0,995.0,934.0,932.0,885.0,901.0,1013.0,906.0,966.0,881.0,929.0
223,877.0,995.0,934.0,932.0,885.0,901.0,1013.0,906.0,966.0,881.0,929.0
224,877.0,995.0,933.5,932.0,885.0,901.0,1013.0,906.0,966.0,881.0,928.95
225,877.0,995.0,934.0,932.0,885.0,901.0,1013.0,906.0,966.0,881.0,929.0
226,877.0,995.0,934.0,932.0,885.0,901.0,1013.0,906.0,966.0,881.0,929.0
227,877.0,995.0,934.0,932.0,885.0,901.0,1013.0,906.0,963.5,881.0,928.75
228,877.0,995.0,934.0,932.0,885.0,901.0,1013.0,906.0,966.0,873.5,928.25
229,877.0,995.0,934.0,932.0,885.0,901.0,1013.0,906.0,966.0,881.0,929.0
230,847.7666666666667,995.0,934.0,932.0,885.0,901.0,1013.0,906.0,966.0,881.0,926.0766666666666
231,877.0,995.0,934.0,932.0,882.9,901.0,1013.0,906.0,966.0,881.0,928.79
232,877.0,995.0,934.0,932.0,885.0,901.0,1013.0,906.0,966.0,881.0,929.0
233,877.0,995.0,934.0,932.0,885.0,901.0,1013.0,906.0,966.0,881.0,929.0
234,877.0,995.0,934.0,932.0,885.0,901.0,1010.5,906.0,966.0,881.0,928.75
235,877.0,995.0,932.6666666666666,932.0,885.0,870.9666666666667,1013.0,906.0,966.0,881.0,925.8633333333333
236,877.0,995.0,934.0,932.0,885.0,901.0,1013.0,906.0,966.0,881.0,929.0
237,877.0,995.0,934.0,932.0,885.0,901.0,1013.0,906.0,966.0,881.0,929.0
238,847.7666666666667,995.0,934.0,932.0,885.0,901.0,1013.0,906.0,966.0,881.0,926.0766666666666
239,877.0,995.0,934.0,932.0,882.5,900.5,1013.0,906.0,963.9666666666667,881.0,928.4966666666667
240,877.0,995.0,934.0,932.0,885.0,901.0,1013.0,906.0,966.0,851.6333333333333,926.0633333333333
241,877.0,995.0,934.0,932.0,885.0,901.0,1013.0,906.0,966.0,881.0,929.0
242,877.0,995.0,934.0,932.0,885.0,901.0,1013.0,906.0,966.0,881.0,929.0
243,877.0,995.0,934.0,932.0,885.0,901.0,1013.0,906.0,966.0,881.0,929.0
244,877.0,995.0,934.0,932.0,885.0,901.0,1013.0,906.0,966.0,881.0,929.0
245,877.0,995.0,934.0,932.0,885.0,901.0,1013.0,906.0,966.0,881.0,929.0
246,877.0,995.0,934.0,932.0,885.0,901.0,1013.0,906.0,966.0,881.0,929.0
247,877.0,995.0,934.0,932.0,885.0,901.0,1013.0,906.0,966.0,881.0,929.0
248,877.0,995.0,934.0,932.0,885.0,900.4333333333333,1013.0,906.0,966.0,881.0,928.9433333333334
249,877.0,995.0,934.0,932.0,885.0,901.0,1013.0,906.0,966.0,881.0,929.0
250,877.0,995.0,934.0,932.0,885.0,901.0,1013.0,906.0,966.0,881.0,929.0
251,877.0,995.0,934.0,931.7333333333333,885.0,901.0,1013.0,906.0,966.0,881.0,928.9733333333334
252,877.0,995.0,934.0,932.0,885.0,901.0,1011.2,906.0,966.0,881.0,928.82
253,877.0,995.0,934.0,932.0,885.0,901.0,1013.0,906.0,966.0,881.0,929.0
254,877.0,995.0,934.0,900.9333333333333,885.0,901.0,1013.0,906.0,966.0,881.0,925.8933333333334
255,877.0,995.0,933.7333333333333,932.0,885.0,901.0,1013.0,906.0,966.0,881.0,928.9733333333334
256,877.0,995.0,933.5,932.0,885.0,901.0,1013.0,906.0,966.0,881.0,928.95
257,874.5,995.0,934.0,932.0,885.0,901.0,1013.0,906.0,966.0,881.0,928.75
258,877.0,995.0,933.7333333333333,932.0,885.0,901.0,1013.0,906.0,966.0,881.0,928.9733333333334
259,877.0,995.0,934.0,930.4666666666667,885.0,901.0,1013.0,906.0,966.0,881.0,928.8466666666667
260,877.0,995.0,934.0,932.0,885.0,901.0,1013.0,906.0,966.0,881.0,929.0
261,877.0,995.0,934.0,932.0,885.0,901.0,1013.0,906.0,966.0,881.0,929.0
262,877.0,995.0,933.5,932.0,885.0,901.0,1012.7333333333333,906.0,966.0,881.0,928.9233333333334
263,877.0,995.0,934.0,931.0333333333333,885.0,901.0,1013.0,906.0,966.0,881.0,928.9033333333333
264,877.0,995.0,934.0,932.0,885.0,901.0,1013.0,906.0,966.0,881.0,929.0
265,877.0,995.0,934.0,932.0,885.0,901.0,1013.0,906.0,966.0,881.0,929.0
266,877.0,995.0,934.0,932.0,885.0,901.0,1013.0,906.0,963.9,881.0,928.79
267,877.0,995.0,934.0,932.0,885.0,901.0,1013.0,906.0,966.0,881.0,929.0
268,877.0,995.0,934.0,932.0,885.0,901.0,1013.0,906.0,966.0,881.0,929.0
269,877.0,995.0,934.0,932.0,885.0,901.0,1013.0,906.0,966.0,881.0,929.0
270,877.0,995.0,931.4333333333333,932.0,885.0,901.0,1013.0,906.0,966.0,881.0,928.7433333333335
271,874.9666666666667,995.0,934.0,932.0,885.0,901.0,1013.0,906.0,966.0,881.0,928.7966666666667
272,877.0,995.0,934.0,932.0,885.0,901.0,1013.0,906.0,966.0,881.0,929.0
273,877.0,995.0,934.0,932.0,885.0,901.0,1013.0,906.0,966.0,881.0,929.0
274,877.0,995.0,934.0,932.0,885.0,901.0,1013.0,906.0,963.6,881.0,928.76
275,877.0,995.0,934.0,932.0,885.0,901.0,1013.0,906.0,966.0,881.0,929.0
276,877.0,995.0,934.0,932.0,885.0,901.0,1013.0,906.0,966.0,881.0,929.0
277,877.0,995.0,934.0,900.9333333333333,885.0,901.0,1013.0,906.0,966.0,881.0,925.8933333333334
278,877.0,995.0,934.0,932.0,885.0,901.0,1013.0,906.0,966.0,878.6,928.76
279,877.0,995.0,934.0,932.0,885.0,901.0,1013.0,905.0,966.0,881.0,928.9
280,877.0,995.0,934.0,932.0,885.0,901.0,1013.0,906.0,966.0,881.0,929.0
281,877.0,995.0,934.0,932.0,885.0,901.0,1013.0,906.0,966.0,881.0,929.0
282,877.0,995.0,934.0,932.0,885.0,901.0,1013.0,906.0,966.0,881.0,929.0
283,877.0,995.0,934.0,932.0,855.5,901.0,1013.0,906.0,966.0,881.0,926.05
284,877.0,995.0,934.0,932.0,885.0,901.0,1013.0,906.0,966.0,881.0,929.0
285,877.0,995.0,934.0,932.0,885.0,901.0,1013.0,906.0,966.0,881.0,929.0
286,875.4666666666667,995.0,934.0,932.0,884.5,901.0,1013.0,906.0,966.0,881.0,928.7966666666667
287,877.0,995.0,934.0,932.0,885.0,901.0,1013.0,906.0,966.0,881.0,929.0
288,877.0,995.0,934.0,932.0,885.0,901.0,1013.0,906.0,966.0,881.0,929.0
289,877.0,995.0,934.0,932.0,885.0,901.0,1013.0,906.0,966.0,881.0,929.0
290,877.0,995.0,934.0,932.0,885.0,901.0,1013.0,906.0,966.0,881.0,929.0
291,877.0,995.0,934.0,932.0,885.0,901.0,1011.2,906.0,966.0,822.2666666666667,922.9466666666667
292,877.0,995.0,934.0,932.0,885.0,901.0,1013.0,906.0,966.0,881.0,929.0
293,877.0,995.0,934.0,932.0,885.0,901.0,1013.0,906.0,966.0,881.0,929.0
294,877.0,995.0,934.0,932.0,885.0,901.0,1013.0,906.0,966.0,881.0,929.0
295,877.0,961.8333333333334,934.0,932.0,885.0,901.0,1013.0,906.0,966.0,881.0,925.6833333333334
296,877.0,995.0,934.0,932.0,885.0,901.0,1013.0,906.0,966.0,881.0,929.0
297,877.0,995.0,934.0,932.0,885.0,901.0,1013.0,906.0,966.0,881.0,929.0
298,877.0,995.0,934.0,932.0,885.0,901.0,1013.0,906.0,966.0,881.0,929.0
299,877.0,995.0,934.0,932.0,885.0,901.0,1013.0,906.0,966.0,881.0,929.0
300,877.0,995.0,934.0,932.0,885.0,901.0,1013.0,906.0,966.0,881.0,929.0
301,877.0,995.0,934.0,932.0,885.0,901.0,1013.0,906.0,966.0,881.0,929.0
302,877.0,995.0,934.0,932.0,882.4333333333333,901.0,1013.0,906.0,966.0,881.0,928.7433333333335
303,877.0,995.0,934.0,932.0,885.0,901.0,1013.0,906.0,966.0,881.0,929.0
304,874.4,995.0,934.0,932.0,885.0,901.0,1013.0,906.0,966.0,881.0,928.74
305,877.0,992.5,934.0,932.0,885.0,901.0,1012.0333333333333,906.0,966.0,881.0,928.6533333333333
306,877.0,995.0,934.0,932.0,885.0,901.0,1013.0,906.0,966.0,881.0,929.0
307,877.0,995.0,934.0,932.0,885.0,901.0,1013.0,906.0,966.0,881.0,929.0
308,877.0,995.0,934.0,932.0,885.0,901.0,1013.0,906.0,966.0,881.0,929.0
309,877.0,995.0,934.0,932.0,885.0,901.0,1013.0,906.0,966.0,881.0,929.0
310,877.0,995.0,934.0,932.0,885.0,901.0,1013.0,906.0,966.0,881.0,929.0
311,877.0,995.0,934.0,932.0,885.0,901.0,1013.0,906.0,966.0,881.0,929.0
312,877.0,995.0,934.0,932.0,885.0,901.0,1013.0,906.0,966.0,881.0,929.0
313,874.5,995.0,934.0,929.5,885.0,901.0,1013.0,906.0,966.0,881.0,928.5
314,877.0,995.0,934.0,932.0,885.0,901.0,1013.0,906.0,966.0,881.0,929.0
315,877.0,995.0,934.0,932.0,885.0,901.0,1013.0,906.0,966.0,881.0,929.0
316,877.0,995.0,934.0,929.0,885.0,901.0,1013.0,906.0,966.0,881.0,928.7
317,877.0,995.0,934.0,932.0,885.0,870.9666666666667,1013.0,906.0,933.8,881.0,922.7766666666666
318,875.2,995.0,934.0,932.0,885.0,901.0,1013.0,906.0,966.0,881.0,928.82
319,877.0,995.0,934.0,932.0,885.0,870.9666666666667,1013.0,906.0,966.0,881.0,925.9966666666667
320,877.0,995.0,934.0,932.0,885.0,901.0,1013.0,906.0,966.0,881.0,929.0
321,877.0,995.0,934.0,932.0,885.0,901.0,1013.0,906.0,966.0,881.0,929.0
322,875.8333333333334,995.0,934.0,932.0,885.0,901.0,1013.0,906.0,966.0,881.0,928.8833333333334
323,877.0,995.0,934.0,932.0,885.0,901.0,1011.6666666666666,906.0,966.0,881.0,928.8666666666666
324,877.0,995.0,934.0,932.0,885.0,901.0,1013.0,906.0,966.0,881.0,929.0
325,877.0,994.7333333333333,934.0,932.0,885.0,901.0,1013.0,906.0,966.0,881.0,928.9733333333334
326,877.0,995.0,934.0,932.0,885.0,901.0,1013.0,906.0,966.0,881.0,929.0
327,877.0,995.0,934.0,932.0,885.0,901.0,1013.0,906.0,966.0,881.0,929.0
328,877.0,995.0,934.0,932.0,885.0,901.0,1013.0,906.0,966.0,879.6666666666666,928.8666666666666
329,877.0,995.0,934.0,932.0,885.0,901.0,1013.0,906.0,966.0,881.0,929.0
330,877.0,995.0,934.0,932.0,885.0,901.0,1013.0,906.0,966.0,881.0,929.0
331,877.0,995.0,934.0,932.0,885.0,901.0,1013.0,906.0,966.0,881.0,929.0
332,877.0,995.0,934.0,932.0,885.0,901.0,1013.0,906.0,965.7333333333333,881.0,928.9733333333334
333,877.0,995.0,934.0,932.0,885.0,901.0,1013.0,906.0,966.0,881.0,929.0
334,877.0,995.0,934.0,932.0,885.0,901.0,1010.0,906.0,966.0,881.0,928.7
335,877.0,995.0,934.0,932.0,885.0,901.0,1013.0,906.0,966.0,881.0,929.0
336,877.0,995.0,934.0,932.0,883.4666666666667,901.0,1013.0,906.0,963.9666666666667,881.0,928.6433333333334
337,877.0,995.0,934.0,932.0,885.0,901.0,1013.0,906.0,966.0,881.0,929.0
338,877.0,995.0,934.0,932.0,885.0,901.0,1013.0,906.0,966.0,881.0,929.0
339,877.0,995.0,934.0,932.0,885.0,901.0,1013.0,906.0,966.0,881.0,929.0
340,877.0,995.0,934.0,929.9,885.0,901.0,1013.0,906.0,966.0,881.0,928.79
341,877.0,995.0,934.0,932.0,885.0,901.0,1013.0,906.0,966.0,881.0,929.0
342,877.0,995.0,934.0,932.0,885.0,901.0,1010.5,906.0,966.0,881.0,928.75
343,877.0,995.0,934.0,932.0,885.0,901.0,1013.0,906.0,966.0,881.0,929.0
344,877.0,995.0,934.0,932.0,885.0,901.0,1013.0,906.0,966.0,881.0,929.0
345,877.0,995.0,934.0,932.0,885.0,901.0,1013.0,906.0,966.0,881.0,929.0
346,877.0,995.0,934.0,932.0,885.0,901.0,1013.0,906.0,966.0,881.0,929.0
347,877.0,995.0,934.0,932.0,885.0,901.0,1013.0,906.0,966.0,881.0,929.0
348,877.0,995.0,934.0,932.0,885.0,901.0,1013.0,906.0,966.0,881.0,929.0
349,877.0,995.0,934.0,932.0,885.0,897.9666666666667,1013.0,906.0,966.0,880.0333333333333,928.6
350,877.0,995.0,934.0,932.0,885.0,901.0,1013.0,906.0,966.0,881.0,929.0
351,877.0,995.0,934.0,932.0,884.7333333333333,901.0,1013.0,906.0,966.0,881.0,928.9733333333334
352,877.0,995.0,934.0,932.0,885.0,901.0,1013.0,906.0,966.0,881.0,929.0
353,877.0,995.0,934.0,932.0,885.0,897.9666666666667,1013.0,905.0333333333333,966.0,878.5,928.35
354,877.0,995.0,934.0,932.0,885.0,901.0,1013.0,906.0,966.0,881.0,929.0
355,877.0,995.0,934.0,932.0,885.0,901.0,979.2333333333333,906.0,966.0,881.0,925.6233333333333
356,877.0,995.0,934.0,932.0,885.0,901.0,1013.0,906.0,966.0,881.0,929.0
357,874.9666666666667,995.0,934.0,932.0,885.0,901.0,1013.0,906.0,966.0,881.0,928.7966666666667
358,877.0,995.0,934.0,929.9666666666667,884.7333333333333,901.0,1013.0,906.0,966.0,881.0,928.7700000000001
359,877.0,995.0,934.0,932.0,885.0,901.0,1013.0,906.0,966.0,881.0,929.0
360,877.0,995.0,934.0,932.0,885.0,901.0,1013.0,906.0,966.0,881.0,929.0
361,877.0,995.0,934.0,932.0,882.9,870.9666666666667,1013.0,906.0,966.0,881.0,925.7866666666666
362,877.0,995.0,934.0,932.0,885.0,901.0,1013.0,906.0,966.0,881.0,929.0
363,877.0,995.0,934.0,932.0,885.0,901.0,1013.0,906.0,966.0,881.0,929.0
364,877.0,995.0,934.0,932.0,885.0,901.0,1013.0,906.0,966.0,881.0,929.0
365,877.0,995.0,934.0,932.0,885.0,901.0,1013.0,906.0,966.0,881.0,929.0
366,877.0,995.0,934.0,932.0,885.0,901.0,1013.0,906.0,966.0,881.0,929.0
367,877.0,995.0,934.0,932.0,885.0,901.0,1013.0,906.0,966.0,881.0,929.0
368,877.0,995.0,934.0,932.0,885.0,901.0,1010.5,906.0,966.0,881.0,928.75
369,877.0,995.0,934.0,932.0,885.0,901.0,1013.0,906.0,966.0,881.0,929.0
370,877.0,995.0,934.0,932.0,885.0,899.8333333333334,1013.0,906.0,966.0,881.0,928.8833333333334
371,877.0,995.0,934.0,932.0,885.0,901.0,1013.0,906.0,966.0,881.0,929.0
372,877.0,995.0,934.0,932.0,885.0,901.0,1013.0,906.0,966.0,881.0,929.0
373,877.0,995.0,934.0,932.0,885.0,901.0,1013.0,906.0,966.0,881.0,929.0
374,876.0333333333333,995.0,934.0,932.0,885.0,901.0,1013.0,906.0,966.0,881.0,928.9033333333333
375,877.0,995.0,934.0,932.0,885.0,901.0,1013.0,906.0,966.0,881.0,929.0
376,877.0,995.0,934.0,932.0,885.0,901.0,1013.0,906.0,966.0,881.0,929.0
377,877.0,995.0,934.0,932.0,885.0,901.0,1013.0,906.0,966.0,881.0,929.0
378,877.0,995.0,934.0,932.0,885.0,901.0,1013.0,906.0,966.0,881.0,929.0
379,877.0,961.8333333333334,934.0,932.0,885.0,901.0,1013.0,906.0,966.0,881.0,925.6833333333334
380,877.0,995.0,934.0,932.0,885.0,901.0,1013.0,906.0,966.0,881.0,929.0
381,877.0,995.0,934.0,932.0,885.0,901.0,1013.0,906.0,966.0,881.0,929.0
382,877.0,995.0,934.0,932.0,885.0,870.9666666666667,1013.0,906.0,966.0,881.0,925.9966666666667
383,877.0,995.0,934.0,932.0,885.0,901.0,1013.0,906.0,966.0,881.0,929.0
384,877.0,994.5,934.0,932.0,885.0,901.0,1013.0,906.0,966.0,881.0,928.95
385,877.0,995.0,934.0,932.0,885.0,901.0,1013.0,906.0,966.0,881.0,929.0
386,877.0,995.0,934.0,932.0,885.0,901.0,1013.0,906.0,966.0,881.0,929.0
387,877.0,995.0,934.0,932.0,885.0,901.0,1013.0,906.0,966.0,881.0,929.0
388,875.6666666666666,995.0,934.0,932.0,885.0,901.0,1010.4333333333333,906.0,966.0,881.0,928.61
389,877.0,995.0,934.0,932.0,885.0,901.0,1013.0,906.0,966.0,879.5333333333333,928.8533333333332
390,877.0,995.0,934.0,932.0,885.0,901.0,1011.2,906.0,966.0,881.0,928.82
391,877.0,995.0,934.0,932.0,885.0,901.0,1010.5,906.0,966.0,881.0,928.75
392,877.0,995.0,934.0,932.0,885.0,901.0,1013.0,903.4,966.0,881.0,928.74
393,877.0,995.0,934.0,932.0,885.0,901.0,1013.0,906.0,966.0,881.0,929.0
394,877.0,995.0,934.0,932.0,885.0,901.0,1010.5,906.0,966.0,881.0,928.75
395,877.0,995.0,934.0,932.0,885.0,901.0,1013.0,904.4666666666667,966.0,881.0,928.8466666666667
396,877.0,995.0,934.0,932.0,885.0,901.0,1013.0,906.0,966.0,881.0,929.0
397,877.0,995.0,934.0,930.4666666666667,885.0,901.0,1013.0,906.0,966.0,881.0,928.8466666666667
398,877.0,995.0,934.0,932.0,885.0,901.0,1013.0,906.0,966.0,881.0,929.0
399,877.0,995.0,934.0,932.0,885.0,901.0,1013.0,906.0,966.0,881.0,929.0
400,876.4333333333333,995.0,934.0,932.0,885.0,901.0,1013.0,906.0,966.0,881.0,928.9433333333334
401,877.0,992.9,934.0,932.0,885.0,901.0,1013.0,906.0,966.0,881.0,928.79
402,877.0,995.0,934.0,932.0,885.0,901.0,1013.0,906.0,966.0,881.0,929.0
403,877.0,995.0,934.0,932.0,885.0,901.0,1013.0,906.0,966.0,881.0,929.0
404,877.0,995.0,934.0,932.0,885.0,901.0,1013.0,906.0,966.0,881.0,929.0
405,877.0,995.0,934.0,932.0,885.0,898.0,1013.0,906.0,966.0,878.5,928.45
406,877.0,995.0,934.0,900.9333333333333,885.0,901.0,1013.0,906.0,966.0,881.0,925.8933333333334
407,877.0,995.0,934.0,932.0,885.0,901.0,1013.0,906.0,966.0,881.0,929.0
408,877.0,995.0,934.0,932.0,885.0,901.0,1013.0,906.0,966.0,881.0,929.0
409,877.0,995.0,931.9,932.0,885.0,901.0,1013.0,906.0,966.0,881.0,928.79
410,877.0,995.0,934.0,932.0,885.0,901.0,1013.0,906.0,966.0,881.0,929.0
411,877.0,994.5,934.0,932.0,884.4333333333333,899.3333333333334,1013.0,906.0,966.0,881.0,928.7266666666667
412,877.0,995.0,934.0,932.0,885.0,901.0,1013.0,906.0,966.0,881.0,929.0
413,877.0,995.0,934.0,932.0,885.0,901.0,1013.0,906.0,966.0,881.0,929.0
414,877.0,995.0,934.0,932.0,885.0,901.0,1013.0,906.0,966.0,881.0,929.0
415,877.0,995.0,934.0,932.0,885.0,901.0,1013.0,906.0,966.0,851.6333333333333,926.0633333333333
416,877.0,995.0,934.0,932.0,885.0,901.0,1013.0,906.0,966.0,881.0,929.0
417,877.0,995.0,934.0,932.0,885.0,901.0,1013.0,906.0,966.0,881.0,929.0
418,877.0,995.0,934.0,932.0,885.0,901.0,1013.0,906.0,966.0,881.0,929.0
419,874.9666666666667,995.0,934.0,932.0,885.0,869.8,1013.0,906.0,963.6,881.0,925.4366666666667
420,877.0,995.0,934.0,932.0,885.0,901.0,1013.0,906.0,966.0,881.0,929.0
421,877.0,995.0,934.0,932.0,885.0,901.0,1013.0,906.0,966.0,881.0,929.0
422,877.0,995.0,934.0,932.0,885.0,901.0,1013.0,906.0,933.8,881.0,925.78
423,877.0,995.0,934.0,932.0,885.0,901.0,1013.0,906.0,966.0,881.0,929.0
424,877.0,995.0,934.0,932.0,885.0,901.0,1013.0,906.0,966.0,881.0,929.0
425,877.0,995.0,934.0,932.0,885.0,901.0,1013.0,906.0,966.0,881.0,929.0
426,877.0,995.0,934.0,932.0,885.0,901.0,1013.0,906.0,966.0,881.0,929.0
427,877.0,995.0,934.0,932.0,885.0,901.0,1013.0,906.0,966.0,881.0,929.0
428,875.5333333333333,995.0,934.0,932.0,885.0,901.0,1013.0,906.0,966.0,881.0,928.8533333333332
429,877.0,995.0,934.0,932.0,885.0,901.0,1013.0,906.0,966.0,881.0,929.0
430,877.0,995.0,934.0,932.0,885.0,901.0,1013.0,906.0,966.0,881.0,929.0
431,877.0,995.0,934.0,932.0,885.0,901.0,1013.0,906.0,966.0,881.0,929.0
432,877.0,995.0,934.0,932.0,882.5,901.0,1013.0,903.4,966.0,881.0,928.49
433,875.2,995.0,934.0,932.0,885.0,898.9666666666667,1013.0,905.4666666666667,966.0,881.0,928.5633333333333
434,877.0,995.0,934.0,932.0,885.0,901.0,1013.0,904.2,966.0,881.0,928.82
435,877.0,995.0,934.0,932.0,885.0,901.0,1013.0,906.0,966.0,881.0,929.0
436,877.0,995.0,934.0,932.0,885.0,901.0,1013.0,906.0,966.0,881.0,929.0
437,877.0,995.0,934.0,932.0,885.0,901.0,1013.0,906.0,966.0,881.0,929.0
438,877.0,995.0,934.0,900.9333333333333,885.0,901.0,1011.6666666666666,906.0,966.0,881.0,925.76
439,877.0,995.0,934.0,932.0,885.0,901.0,1013.0,906.0,962.9666666666667,881.0,928.6966666666667
440,877.0,995.0,934.0,932.0,885.0,898.4333333333333,1013.0,906.0,966.0,881.0,928.7433333333335
441,877.0,995.0,934.0,932.0,885.0,901.0,1013.0,906.0,966.0,881.0,929.0
442,877.0,995.0,934.0,930.8333333333334,885.0,901.0,1013.0,906.0,966.0,881.0,928.8833333333334
443,877.0,995.0,934.0,932.0,885.0,901.0,1013.0,906.0,966.0,881.0,929.0
444,877.0,995.0,934.0,932.0,885.0,901.0,1013.0,906.0,966.0,881.0,929.0
445,877.0,995.0,934.0,932.0,885.0,901.0,1013.0,906.0,966.0,881.0,929.0
446,877.0,995.0,934.0,932.0,885.0,840.9333333333333,1013.0,906.0,966.0,881.0,922.9933333333335
447,877.0,995.0,934.0,932.0,885.0,901.0,1013.0,906.0,966.0,881.0,929.0
448,877.0,995.0,931.9,932.0,882.5,901.0,1013.0,906.0,965.0333333333333,881.0,928.4433333333333
449,877.0,995.0,934.0,932.0,885.0,901.0,1013.0,906.0,966.0,881.0,929.0
450,877.0,995.0,934.0,932.0,885.0,901.0,1013.0,906.0,966.0,881.0,929.0
451,877.0,995.0,934.0,932.0,885.0,901.0,1013.0,906.0,966.0,881.0,929.0
452,877.0,995.0,934.0,932.0,885.0,901.0,1013.0,906.0,966.0,881.0,929.0
453,877.0,995.0,934.0,932.0,885.0,901.0,979.2333333333333,906.0,966.0,881.0,925.6233333333333
454,877.0,995.0,934.0,932.0,885.0,901.0,1013.0,906.0,966.0,881.0,929.0
455,877.0,995.0,934.0,932.0,885.0,901.0,1013.0,906.0,966.0,881.0,929.0
456,877.0,995.0,934.0,932.0,885.0,901.0,1013.0,906.0,966.0,881.0,929.0
457,877.0,995.0,934.0,932.0,885.0,898.6,1013.0,906.0,966.0,881.0,928.76
458,877.0,995.0,934.0,932.0,885.0,901.0,1013.0,906.0,966.0,881.0,929.0
459,877.0,995.0,934.0,932.0,885.0,901.0,1013.0,906.0,963.5,881.0,928.75
460,877.0,995.0,934.0,930.8333333333334,885.0,901.0,1013.0,906.0,966.0,881.0,928.8833333333334
461,877.0,995.0,934.0,932.0,885.0,901.0,1013.0,906.0,966.0,881.0,929.0
462,877.0,995.0,934.0,932.0,885.0,901.0,1013.0,906.0,966.0,881.0,929.0
463,877.0,995.0,934.0,932.0,885.0,901.0,1013.0,903.5,966.0,881.0,928.75
464,877.0,995.0,934.0,932.0,885.0,901.0,1013.0,906.0,966.0,881.0,929.0
465,877.0,995.0,934.0,932.0,885.0,901.0,1013.0,906.0,966.0,875.8666666666667,928.4866666666667
466,877.0,995.0,934.0,932.0,885.0,901.0,1013.0,906.0,966.0,881.0,929.0
467,877.0,995.0,934.0,932.0,885.0,901.0,1013.0,906.0,966.0,878.9666666666667,928.7966666666667
468,877.0,995.0,931.4,932.0,885.0,901.0,1013.0,906.0,966.0,881.0,928.74
469,877.0,995.0,934.0,932.0,885.0,901.0,1013.0,906.0,966.0,881.0,929.0
470,875.5333333333333,995.0,934.0,932.0,885.0,901.0,1013.0,906.0,966.0,881.0,928.8533333333332
471,877.0,995.0,934.0,932.0,885.0,901.0,1013.0,906.0,966.0,881.0,929.0
472,877.0,995.0,934.0,932.0,885.0,901.0,1013.0,906.0,966.0,881.0,929.0
473,877.0,995.0,934.0,932.0,885.0,901.0,1013.0,906.0,966.0,881.0,929.0
474,877.0,995.0,934.0,932.0,885.0,901.0,1012.7333333333333,906.0,966.0,881.0,928.9733333333334
475,877.0,995.0,934.0,932.0,885.0,901.0,1013.0,906.0,966.0,881.0,929.0
476,877.0,995.0,934.0,932.0,885.0,901.0,1013.0,906.0,966.0,881.0,929.0
477,877.0,995.0,932.4666666666667,932.0,885.0,901.0,1013.0,906.0,966.0,881.0,928.8466666666667
478,877.0,995.0,934.0,932.0,885.0,901.0,1013.0,906.0,966.0,881.0,929.0
479,877.0,995.0,934.0,932.0,885.0,901.0,1013.0,906.0,966.0,881.0,929.0
480,877.0,995.0,934.0,932.0,885.0,901.0,1013.0,906.0,966.0,881.0,929.0
481,877.0,995.0,934.0,932.0,885.0,899.2,1013.0,906.0,966.0,881.0,928.82
482,877.0,995.0,934.0,932.0,885.0,901.0,1013.0,906.0,966.0,881.0,929.0
483,877.0,995.0,934.0,932.0,885.0,901.0,1013.0,906.0,966.0,881.0,929.0
484,877.0,995.0,934.0,932.0,881.2666666666667,901.0,979.2333333333333,906.0,966.0,881.0,925.25
485,877.0,995.0,934.0,931.4333333333333,885.0,901.0,1013.0,906.0,966.0,881.0,928.9433333333334
486,877.0,995.0,934.0,932.0,885.0,901.0,1013.0,906.0,966.0,881.0,929.0
487,877.0,995.0,934.0,932.0,885.0,901.0,1013.0,906.0,966.0,881.0,929.0
488,877.0,995.0,934.0,932.0,885.0,901.0,1013.0,906.0,966.0,881.0,929.0
489,877.0,995.0,934.0,932.0,885.0,901.0,1013.0,906.0,966.0,881.0,929.0
490,877.0,995.0,934.0,932.0,885.0,901.0,1013.0,906.0,966.0,881.0,929.0
491,877.0,992.9,934.0,932.0,885.0,901.0,1013.0,906.0,966.0,881.0,928.79
492,877.0,995.0,934.0,932.0,885.0,900.5,1013.0,906.0,966.0,881.0,928.95
493,877.0,992.0,934.0,932.0,885.0,901.0,1013.0,906.0,966.0,881.0,928.7
494,877.0,995.0,934.0,932.0,885.0,898.6,1013.0,906.0,966.0,881.0,928.76
495,877.0,995.0,934.0,932.0,885.0,901.0,1013.0,906.0,966.0,881.0,929.0
496,877.0,995.0,934.0,932.0,885.0,901.0,1013.0,906.0,966.0,881.0,929.0
497,873.9666666666667,995.0,934.0,932.0,883.5333333333333,901.0,1013.0,906.0,966.0,881.0,928.55
498,877.0,995.0,934.0,932.0,885.0,900.5,1013.0,906.0,966.0,881.0,928.95
499,877.0,995.0,934.0,932.0,885.0,901.0,1013.0,906.0,966.0,881.0,929.0
500,877.0,995.0,934.0,932.0,885.0,901.0,1013.0,906.0,966.0,881.0,929.0
501,877.0,995.0,934.0,932.0,885.0,901.0,1013.0,906.0,966.0,881.0,929.0
502,874.5,995.0,934.0,932.0,885.0,901.0,1013.0,906.0,966.0,881.0,928.75
503,877.0,995.0,934.0,932.0,885.0,901.0,1013.0,906.0,966.0,878.9,928.79
504,877.0,995.0,934.0,932.0,885.0,901.0,1013.0,906.0,966.0,881.0,929.0
505,877.0,994.5,934.0,932.0,885.0,901.0,1013.0,906.0,966.0,881.0,928.95
506,877.0,995.0,934.0,932.0,885.0,901.0,1013.0,906.0,966.0,880.5,928.95
507,877.0,995.0,934.0,932.0,885.0,901.0,1013.0,906.0,966.0,881.0,929.0
508,877.0,995.0,933.7333333333333,932.0,885.0,901.0,1013.0,906.0,966.0,881.0,928.9733333333334
509,877.0,995.0,934.0,932.0,885.0,901.0,1013.0,906.0,966.0,881.0,929.0
510,877.0,995.0,934.0,932.0,885.0,901.0,1011.8333333333334,906.0,966.0,881.0,928.8833333333334
511,877.0,995.0,933.4333333333333,932.0,885.0,901.0,1013.0,906.0,966.0,881.0,928.9433333333334
512,877.0,995.0,934.0,932.0,885.0,901.0,1010.0,906.0,966.0,881.0,928.7
513,875.4666666666667,995.0,934.0,932.0,885.0,901.0,1013.0,906.0,966.0,881.0,928.8466666666667
514,877.0,995.0,934.0,932.0,885.0,901.0,1013.0,906.0,966.0,881.0,929.0
515,877.0,995.0,934.0,932.0,885.0,901.0,1013.0,906.0,966.0,881.0,929.0
516,877.0,995.0,934.0,932.0,885.0,901.0,1013.0,906.0,963.6,881.0,928.76
517,877.0,995.0,934.0,932.0,885.0,901.0,1013.0,906.0,966.0,881.0,929.0
518,877.0,995.0,934.0,932.0,885.0,898.5,1013.0,906.0,966.0,881.0,928.75
519,877.0,995.0,934.0,932.0,885.0,901.0,1013.0,906.0,963.6,881.0,928.76
520,877.0,995.0,931.9,900.9333333333333,885.0,901.0,1013.0,906.0,966.0,881.0,925.6833333333332
521,877.0,995.0,934.0,932.0,885.0,901.0,1013.0,906.0,966.0,881.0,929.0
522,877.0,995.0,934.0,932.0,885.0,901.0,1013.0,906.0,966.0,881.0,929.0
523,877.0,995.0,934.0,932.0,882.0,901.0,1013.0,906.0,966.0,881.0,928.7
524,877.0,995.0,934.0,932.0,885.0,898.3333333333334,1013.0,906.0,966.0,881.0,928.7333333333333
525,877.0,995.0,934.0,932.0,885.0,901.0,1013.0,906.0,966.0,881.0,929.0
526,877.0,995.0,934.0,932.0,885.0,901.0,1013.0,906.0,966.0,878.4,928.74
527,877.0,995.0,934.0,932.0,885.0,901.0,1013.0,906.0,966.0,881.0,929.0
528,877.0,995.0,934.0,932.0,885.0,901.0,1013.0,906.0,963.5,881.0,928.75
529,877.0,995.0,934.0,932.0,885.0,901.0,1013.0,906.0,965.7333333333333,879.5333333333333,928.8266666666666
530,877.0,995.0,934.0,932.0,885.0,901.0,1013.0,906.0,966.0,881.0,929.0
531,877.0,995.0,934.0,932.0,885.0,901.0,1011.8333333333334,906.0,966.0,881.0,928.8833333333334
532,877.0,995.0,934.0,932.0,885.0,901.0,1013.0,906.0,966.0,881.0,929.0
533,877.0,995.0,934.0,932.0,885.0,901.0,1013.0,906.0,966.0,881.0,929.0
534,877.0,995.0,934.0,932.0,885.0,901.0,1013.0,906.0,966.0,881.0,929.0
535,877.0,995.0,934.0,932.0,882.9,901.0,1013.0,903.5,966.0,881.0,928.54
536,877.0,995.0,934.0,932.0,885.0,901.0,1013.0,906.0,966.0,881.0,929.0
537,877.0,995.0,934.0,932.0,885.0,901.0,1013.0,906.0,966.0,881.0,929.0
538,877.0,995.0,934.0,932.0,885.0,901.0,1013.0,906.0,966.0,881.0,929.0
539,877.0,995.0,934.0,932.0,885.0,901.0,1013.0,903.9666666666667,966.0,881.0,928.7966666666667
540,877.0,995.0,934.0,929.5,885.0,901.0,1013.0,906.0,966.0,881.0,928.75
541,877.0,995.0,934.0,932.0,885.0,901.0,1013.0,906.0,966.0,881.0,929.0
542,877.0,995.0,934.0,932.0,885.0,901.0,1013.0,906.0,966.0,881.0,929.0
543,877.0,995.0,934.0,932.0,885.0,901.0,1010.5,906.0,966.0,881.0,928.75
544,877.0,995.0,934.0,932.0,885.0,901.0,1013.0,906.0,966.0,881.0,929.0
545,877.0,995.0,934.0,932.0,885.0,901.0,1013.0,906.0,966.0,881.0,929.0
546,877.0,995.0,934.0,932.0,885.0,901.0,1013.0,906.0,966.0,881.0,929.0
547,877.0,995.0,934.0,932.0,885.0,901.0,1013.0,906.0,966.0,881.0,929.0
548,877.0,995.0,934.0,932.0,885.0,901.0,1013.0,906.0,966.0,881.0,929.0
549,875.8333333333334,995.0,934.0,932.0,883.4666666666667,901.0,1013.0,906.0,966.0,881.0,928.7299999999999
550,877.0,995.0,934.0,932.0,885.0,901.0,1013.0,906.0,966.0,881.0,929.0
551,877.0,993.6666666666666,934.0,932.0,885.0,901.0,1013.0,906.0,966.0,881.0,928.8666666666666
552,877.0,995.0,934.0,932.0,885.0,901.0,1013.0,906.0,963.6,881.0,928.76
553,876.4333333333333,995.0,934.0,932.0,882.0,901.0,1013.0,906.0,966.0,881.0,928.6433333333334
554,877.0,995.0,934.0,932.0,885.0,901.0,1013.0,906.0,966.0,881.0,929.0
555,877.0,992.6,934.0,932.0,885.0,901.0,1013.0,906.0,966.0,881.0,928.76
556,877.0,995.0,934.0,932.0,885.0,901.0,1013.0,906.0,966.0,881.0,929.0
557,877.0,995.0,934.0,932.0,883.6666666666666,901.0,1013.0,906.0,966.0,881.0,928.8666666666666
558,877.0,995.0,934.0,932.0,885.0,901.0,1013.0,906.0,966.0,881.0,929.0
559,877.0,995.0,934.0,932.0,885.0,901.0,1013.0,906.0,966.0,881.0,929.0
560,877.0,995.0,934.0,932.0,885.0,901.0,1013.0,906.0,966.0,881.0,929.0
561,877.0,995.0,934.0,932.0,885.0,901.0,1013.0,906.0,966.0,881.0,929.0
562,877.0,995.0,934.0,932.0,885.0,901.0,1013.0,906.0,966.0,881.0,929.0
563,877.0,995.0,934.0,932.0,885.0,901.0,1013.0,906.0,966.0,881.0,929.0
564,877.0,995.0,934.0,932.0,883.6666666666666,901.0,1013.0,906.0,966.0,881.0,928.8666666666666
565,877.0,995.0,934.0,932.0,885.0,901.0,1013.0,906.0,966.0,881.0,929.0
566,877.0,995.0,934.0,932.0,885.0,901.0,1013.0,906.0,966.0,881.0,929.0
567,877.0,961.8333333333334,934.0,932.0,885.0,901.0,1013.0,906.0,966.0,881.0,925.6833333333334
568,877.0,995.0,934.0,929.9666666666667,885.0,901.0,1013.0,906.0,966.0,881.0,928.7966666666667
569,877.0,995.0,934.0,932.0,885.0,901.0,1013.0,906.0,966.0,881.0,929.0
570,877.0,995.0,934.0,932.0,885.0,901.0,1013.0,906.0,966.0,881.0,929.0
571,877.0,995.0,934.0,900.9333333333333,885.0,901.0,1013.0,906.0,966.0,881.0,925.8933333333334
572,877.0,995.0,934.0,932.0,885.0,901.0,1013.0,875.8,966.0,881.0,925.9799999999999
573,877.0,995.0,934.0,932.0,885.0,901.0,1013.0,906.0,966.0,881.0,929.0
574,877.0,995.0,934.0,932.0,885.0,901.0,1013.0,906.0,966.0,881.0,929.0
575,877.0,995.0,934.0,932.0,885.0,901.0,1013.0,906.0,962.6666666666666,881.0,928.6666666666666
576,877.0,995.0,931.5,932.0,885.0,901.0,1013.0,906.0,966.0,881.0,928.75
577,877.0,995.0,934.0,932.0,885.0,901.0,1013.0,906.0,966.0,881.0,929.0
578,877.0,995.0,934.0,932.0,885.0,901.0,1013.0,906.0,966.0,881.0,929.0
579,877.0,995.0,934.0,932.0,885.0,901.0,1013.0,906.0,966.0,881.0,929.0
580,877.0,995.0,934.0,932.0,881.9333333333333,901.0,1013.0,906.0,966.0,881.0,928.6933333333334
581,877.0,995.0,934.0,932.0,885.0,901.0,1013.0,906.0,966.0,881.0,929.0
582,877.0,995.0,932.2,930.4666666666667,885.0,901.0,1013.0,906.0,966.0,881.0,928.6666666666667
583,877.0,995.0,934.0,932.0,885.0,901.0,1013.0,906.0,966.0,881.0,929.0
584,877.0,992.4333333333333,933.0333333333333,932.0,885.0,901.0,1013.0,906.0,966.0,881.0,928.6466666666668
585,877.0,995.0,934.0,932.0,885.0,901.0,1013.0,906.0,966.0,881.0,929.0
586,877.0,993.2,934.0,932.0,885.0,901.0,1013.0,906.0,966.0,881.0,928.82
587,877.0,992.5,934.0,932.0,885.0,901.0,1013.0,906.0,966.0,881.0,928.75
588,877.0,995.0,934.0,932.0,883.4666666666667,901.0,1013.0,906.0,966.0,881.0,928.8466666666667
589,877.0,995.0,934.0,932.0,885.0,901.0,1013.0,906.0,966.0,881.0,929.0
590,877.0,995.0,932.6666666666666,932.0,885.0,901.0,1013.0,906.0,966.0,881.0,928.8666666666666
591,877.0,993.6666666666666,934.0,932.0,885.0,901.0,1013.0,906.0,966.0,881.0,928.8666666666666
592,877.0,995.0,902.8666666666667,932.0,885.0,898.9666666666667,1013.0,906.0,966.0,881.0,925.6833333333334
593,877.0,995.0,934.0,932.0,885.0,901.0,1013.0,906.0,965.0333333333333,881.0,928.9033333333333
594,877.0,995.0,934.0,932.0,885.0,901.0,1013.0,906.0,966.0,881.0,929.0
595,877.0,995.0,934.0,932.0,885.0,901.0,1013.0,906.0,966.0,881.0,929.0
596,877.0,992.6,934.0,932.0,885.0,901.0,1013.0,906.0,966.0,881.0,928.76
597,877.0,995.0,934.0,932.0,885.0,901.0,1013.0,906.0,966.0,881.0,929.0
598,877.0,995.0,934.0,932.0,885.0,901.0,1009.6333333333333,906.0,966.0,881.0,928.6633333333333
599,877.0,995.0,934.0,931.0333333333333,885.0,898.6,1013.0,906.0,966.0,881.0,928.6633333333333
600,877.0,992.9666666666667,934.0,932.0,885.0,901.0,1013.0,906.0,966.0,881.0,928.7966666666667
601,877.0,995.0,934.0,932.0,885.0,901.0,1013.0,906.0,966.0,881.0,929.0
602,877.0,995.0,934.0,932.0,885.0,898.0,1013.0,906.0,966.0,881.0,928.7
603,877.0,995.0,934.0,932.0,885.0,901.0,1013.0,906.0,966.0,881.0,929.0
604,847.7666666666667,995.0,934.0,932.0,885.0,901.0,1013.0,875.8,966.0,881.0,923.0566666666666
605,877.0,995.0,934.0,932.0,885.0,901.0,1013.0,906.0,966.0,881.0,929.0
606,877.0,995.0,934.0,932.0,885.0,901.0,1013.0,906.0,966.0,881.0,929.0
607,877.0,995.0,934.0,932.0,885.0,901.0,1013.0,906.0,966.0,881.0,929.0
608,877.0,995.0,934.0,932.0,885.0,901.0,1013.0,906.0,966.0,881.0,929.0
609,877.0,995.0,934.0,932.0,885.0,901.0,1013.0,906.0,966.0,881.0,929.0
610,877.0,995.0,934.0,932.0,885.0,901.0,1013.0,906.0,966.0,881.0,929.0
611,877.0,995.0,934.0,932.0,885.0,901.0,1013.0,906.0,966.0,881.0,929.0
612,877.0,995.0,934.0,932.0,885.0,901.0,1013.0,906.0,966.0,881.0,929.0
613,877.0,995.0,934.0,932.0,885.0,901.0,1013.0,906.0,966.0,881.0,929.0
614,877.0,995.0,934.0,932.0,885.0,901.0,1013.0,906.0,963.6,881.0,928.76
615,877.0,995.0,934.0,932.0,885.0,901.0,1013.0,906.0,963.5,881.0,928.75
616,877.0,995.0,934.0,932.0,885.0,901.0,1013.0,906.0,966.0,880.5,928.95
617,877.0,995.0,934.0,932.0,885.0,901.0,1010.0,906.0,966.0,881.0,928.7
618,877.0,995.0,934.0,932.0,885.0,901.0,1013.0,906.0,966.0,881.0,929.0
619,877.0,995.0,934.0,932.0,885.0,901.0,1013.0,906.0,966.0,881.0,929.0
620,877.0,995.0,934.0,932.0,885.0,901.0,1013.0,906.0,966.0,881.0,929.0
621,877.0,995.0,934.0,932.0,885.0,901.0,1013.0,906.0,966.0,881.0,929.0
622,877.0,995.0,934.0,932.0,885.0,901.0,1013.0,906.0,966.0,881.0,929.0
623,877.0,995.0,934.0,932.0,885.0,901.0,1013.0,906.0,966.0,881.0,929.0
624,877.0,995.0,934.0,932.0,885.0,901.0,1013.0,906.0,966.0,881.0,929.0
625,877.0,995.0,934.0,932.0,885.0,901.0,1013.0,906.0,963.5,881.0,928.75
626,873.4,995.0,934.0,932.0,885.0,901.0,1013.0,906.0,963.6,881.0,928.4
627,877.0,992.5,934.0,932.0,885.0,901.0,1013.0,906.0,964.6666666666666,881.0,928.6166666666666
628,877.0,995.0,934.0,932.0,885.0,901.0,1013.0,906.0,966.0,881.0,929.0
629,877.0,995.0,934.0,932.0,885.0,901.0,1013.0,906.0,966.0,881.0,929.0
630,875.5333333333333,995.0,934.0,932.0,885.0,901.0,1013.0,906.0,966.0,881.0,928.8533333333332
631,877.0,995.0,934.0,932.0,885.0,901.0,1013.0,906.0,966.0,881.0,929.0
632,877.0,995.0,934.0,932.0,885.0,901.0,1013.0,906.0,966.0,881.0,929.0
633,877.0,995.0,934.0,932.0,885.0,901.0,1013.0,906.0,966.0,881.0,929.0
634,874.4333333333333,995.0,934.0,932.0,885.0,901.0,1013.0,906.0,966.0,881.0,928.7433333333335
635,877.0,995.0,934.0,932.0,884.7333333333333,901.0,1013.0,906.0,966.0,881.0,928.9733333333334
636,877.0,995.0,934.0,932.0,885.0,898.9666666666667,1013.0,906.0,966.0,881.0,928.7966666666667
637,876.4333333333333,995.0,934.0,932.0,885.0,901.0,1013.0,906.0,966.0,881.0,928.9433333333334
638,877.0,995.0,934.0,932.0,885.0,901.0,1013.0,906.0,966.0,881.0,929.0
639,877.0,995.0,934.0,932.0,885.0,901.0,1013.0,906.0,966.0,881.0,929.0
640,877.0,995.0,934.0,932.0,885.0,901.0,1013.0,906.0,966.0,881.0,929.0
641,877.0,995.0,934.0,932.0,885.0,901.0,1013.0,906.0,966.0,881.0,929.0
642,875.5333333333333,995.0,934.0,932.0,885.0,901.0,1013.0,906.0,966.0,881.0,928.8533333333332
643,877.0,995.0,934.0,932.0,885.0,898.5,1013.0,906.0,966.0,881.0,928.75
644,877.0,995.0,934.0,932.0,885.0,901.0,1013.0,906.0,966.0,881.0,929.0
645,877.0,995.0,934.0,932.0,884.7333333333333,901.0,1013.0,906.0,966.0,881.0,928.9733333333334
646,877.0,995.0,934.0,932.0,885.0,901.0,1013.0,906.0,966.0,881.0,929.0
647,877.0,995.0,934.0,900.9333333333333,885.0,901.0,1013.0,906.0,966.0,881.0,925.8933333333334
648,877.0,995.0,934.0,932.0,885.0,901.0,1013.0,906.0,966.0,881.0,929.0
649,877.0,995.0,934.0,932.0,885.0,901.0,1013.0,906.0,966.0,881.0,929.0
650,877.0,995.0,931.9,932.0,885.0,901.0,1013.0,906.0,966.0,881.0,928.79
651,873.4,995.0,934.0,932.0,885.0,901.0,1013.0,906.0,966.0,881.0,928.64
652,877.0,995.0,934.0,932.0,885.0,870.9666666666667,1013.0,906.0,966.0,881.0,925.9966666666667
653,877.0,995.0,934.0,932.0,885.0,901.0,1013.0,906.0,966.0,881.0,929.0
654,877.0,995.0,934.0,932.0,882.4333333333333,901.0,1013.0,906.0,966.0,881.0,928.7433333333335
655,877.0,995.0,934.0,932.0,885.0,901.0,1013.0,906.0,966.0,881.0,929.0
656,877.0,995.0,934.0,932.0,885.0,901.0,1010.9666666666667,906.0,966.0,881.0,928.7966666666667
657,877.0,995.0,931.5,932.0,885.0,901.0,1013.0,906.0,966.0,881.0,928.75
658,877.0,995.0,934.0,932.0,885.0,901.0,1013.0,906.0,966.0,881.0,929.0
659,877.0,995.0,934.0,932.0,884.7333333333333,901.0,1013.0,906.0,966.0,881.0,928.9733333333334
660,877.0,995.0,934.0,930.6666666666666,885.0,901.0,1013.0,906.0,966.0,881.0,928.8666666666666
661,877.0,995.0,934.0,932.0,885.0,901.0,1013.0,906.0,966.0,881.0,929.0
662,877.0,995.0,934.0,932.0,885.0,901.0,1013.0,906.0,966.0,881.0,929.0
663,877.0,995.0,934.0,932.0,885.0,901.0,1013.0,906.0,966.0,881.0,929.0
664,877.0,995.0,934.0,932.0,885.0,901.0,1013.0,906.0,966.0,881.0,929.0
665,875.2,995.0,934.0,932.0,885.0,901.0,1013.0,906.0,966.0,881.0,928.82
666,877.0,995.0,934.0,932.0,885.0,901.0,1013.0,906.0,966.0,881.0,929.0
667,877.0,995.0,934.0,932.0,885.0,901.0,1013.0,906.0,966.0,881.0,929.0
668,877.0,995.0,934.0,932.0,885.0,901.0,1013.0,906.0,966.0,881.0,929.0
669,877.0,995.0,934.0,932.0,885.0,901.0,1013.0,906.0,966.0,881.0,929.0
670,877.0,995.0,934.0,932.0,885.0,901.0,1013.0,906.0,966.0,881.0,929.0
671,877.0,995.0,934.0,932.0,885.0,901.0,1013.0,906.0,966.0,881.0,929.0
672,877.0,995.0,934.0,932.0,885.0,901.0,1013.0,906.0,966.0,881.0,929.0
673,877.0,995.0,934.0,932.0,885.0,901.0,1013.0,906.0,963.4333333333333,881.0,928.7433333333332
674,877.0,995.0,934.0,932.0,885.0,901.0,1013.0,906.0,966.0,881.0,929.0
675,877.0,995.0,934.0,932.0,885.0,901.0,1013.0,906.0,966.0,881.0,929.0
676,877.0,995.0,934.0,932.0,885.0,901.0,1013.0,906.0,966.0,881.0,929.0
677,877.0,995.0,934.0,932.0,885.0,901.0,1013.0,906.0,966.0,881.0,929.0
678,877.0,995.0,934.0,932.0,885.0,901.0,1013.0,906.0,966.0,881.0,929.0
679,877.0,995.0,934.0,932.0,885.0,901.0,1013.0,906.0,966.0,881.0,929.0
680,877.0,995.0,934.0,900.9333333333333,885.0,901.0,1013.0,906.0,966.0,881.0,925.8933333333334
681,877.0,995.0,934.0,932.0,885.0,901.0,1013.0,906.0,966.0,881.0,929.0
682,877.0,995.0,934.0,932.0,885.0,901.0,1013.0,906.0,966.0,881.0,929.0
683,877.0,995.0,934.0,932.0,885.0,901.0,1013.0,906.0,966.0,881.0,929.0
684,877.0,995.0,934.0,932.0,885.0,901.0,1013.0,906.0,966.0,881.0,929.0
685,877.0,995.0,934.0,932.0,885.0,901.0,1013.0,906.0,966.0,881.0,929.0
686,877.0,995.0,934.0,932.0,885.0,901.0,1013.0,906.0,966.0,881.0,929.0
687,877.0,995.0,934.0,932.0,885.0,901.0,1013.0,906.0,966.0,881.0,929.0
688,877.0,995.0,934.0,932.0,885.0,901.0,1013.0,906.0,966.0,881.0,929.0
689,877.0,995.0,934.0,929.4,885.0,901.0,1013.0,906.0,966.0,881.0,928.74
690,877.0,995.0,934.0,932.0,885.0,901.0,1013.0,906.0,966.0,881.0,929.0
691,877.0,995.0,934.0,932.0,885.0,901.0,1013.0,906.0,966.0,881.0,929.0
692,877.0,995.0,934.0,932.0,885.0,901.0,1013.0,906.0,966.0,881.0,929.0
693,877.0,995.0,934.0,931.7333333333333,885.0,901.0,1013.0,906.0,966.0,881.0,928.9733333333334
694,877.0,995.0,934.0,929.5,885.0,901.0,1013.0,906.0,966.0,881.0,928.75
695,877.0,995.0,934.0,932.0,885.0,901.0,1013.0,906.0,966.0,881.0,929.0
696,877.0,995.0,934.0,932.0,885.0,901.0,1013.0,906.0,966.0,881.0,929.0
697,877.0,995.0,934.0,932.0,885.0,901.0,1013.0,906.0,966.0,881.0,929.0
698,877.0,995.0,934.0,932.0,885.0,901.0,1013.0,906.0,965.7333333333333,881.0,928.9733333333334
699,877.0,995.0,934.0,932.0,885.0,901.0,1013.0,906.0,966.0,881.0,929.0
700,877.0,995.0,934.0,932.0,885.0,901.0,1013.0,906.0,966.0,881.0,929.0
701,877.0,995.0,934.0,931.4333333333333,885.0,901.0,1013.0,906.0,966.0,881.0,928.9433333333334
702,877.0,995.0,934.0,932.0,885.0,901.0,1013.0,906.0,966.0,881.0,929.0
703,877.0,995.0,934.0,932.0,885.0,901.0,1013.0,906.0,966.0,881.0,929.0
704,877.0,995.0,934.0,932.0,885.0,901.0,1013.0,906.0,966.0,881.0,929.0
705,877.0,993.4666666666667,934.0,932.0,885.0,901.0,1013.0,906.0,966.0,881.0,928.8466666666667
706,877.0,995.0,934.0,932.0,885.0,901.0,1013.0,906.0,966.0,881.0,929.0
707,877.0,995.0,934.0,932.0,885.0,901.0,1013.0,906.0,966.0,881.0,929.0
708,874.5,992.9,934.0,932.0,885.0,901.0,1013.0,902.9666666666667,966.0,881.0,928.2366666666667
709,877.0,995.0,934.0,932.0,885.0,901.0,1013.0,906.0,966.0,881.0,929.0
710,877.0,995.0,934.0,932.0,885.0,901.0,1013.0,906.0,965.5,881.0,928.95
711,877.0,992.9666666666667,934.0,932.0,885.0,901.0,1013.0,906.0,966.0,881.0,928.7966666666667
712,877.0,995.0,934.0,932.0,885.0,901.0,1013.0,906.0,966.0,881.0,929.0
713,877.0,995.0,934.0,930.8666666666667,885.0,901.0,1013.0,906.0,966.0,881.0,928.8866666666667
714,877.0,995.0,934.0,932.0,885.0,901.0,1013.0,906.0,966.0,881.0,929.0
715,877.0,995.0,934.0,932.0,885.0,901.0,1013.0,906.0,966.0,881.0,929.0
716,877.0,995.0,934.0,932.0,885.0,901.0,1013.0,906.0,966.0,881.0,929.0
717,877.0,995.0,934.0,932.0,885.0,901.0,1013.0,906.0,966.0,881.0,929.0
718,877.0,995.0,934.0,932.0,885.0,901.0,1013.0,906.0,966.0,881.0,929.0
719,877.0,995.0,934.0,932.0,885.0,901.0,1013.0,903.9666666666667,966.0,878.9666666666667,928.5933333333335
720,877.0,995.0,934.0,932.0,885.0,901.0,1013.0,906.0,966.0,881.0,929.0
721,874.4333333333333,995.0,934.0,932.0,885.0,901.0,1013.0,906.0,966.0,881.0,928.7433333333335
722,877.0,995.0,934.0,932.0,885.0,901.0,1013.0,906.0,966.0,881.0,929.0
723,877.0,995.0,934.0,932.0,885.0,901.0,1013.0,906.0,966.0,881.0,929.0
724,877.0,995.0,934.0,929.5,885.0,901.0,1013.0,906.0,966.0,851.6333333333333,925.8133333333333
725,877.0,995.0,934.0,932.0,885.0,901.0,1013.0,906.0,964.4666666666667,881.0,928.8466666666667
726,877.0,992.5,934.0,932.0,885.0,901.0,1013.0,906.0,966.0,881.0,928.75
727,877.0,995.0,934.0,932.0,885.0,901.0,1013.0,906.0,966.0,878.9666666666667,928.7966666666667
728,877.0,995.0,934.0,932.0,885.0,901.0,1013.0,906.0,966.0,881.0,929.0
729,877.0,995.0,934.0,932.0,885.0,901.0,1013.0,906.0,966.0,881.0,929.0
730,877.0,995.0,934.0,932.0,885.0,901.0,1013.0,905.7333333333333,966.0,881.0,928.9733333333334
731,877.0,995.0,934.0,932.0,885.0,901.0,1013.0,906.0,966.0,881.0,929.0
732,877.0,995.0,934.0,932.0,885.0,901.0,1013.0,906.0,966.0,881.0,929.0
733,877.0,995.0,934.0,932.0,885.0,901.0,1013.0,906.0,966.0,881.0,929.0
734,877.0,995.0,934.0,932.0,885.0,901.0,1013.0,906.0,966.0,881.0,929.0
735,877.0,995.0,934.0,932.0,885.0,901.0,1013.0,906.0,966.0,881.0,929.0
736,877.0,995.0,934.0,932.0,885.0,901.0,1013.0,906.0,966.0,881.0,929.0
737,877.0,995.0,934.0,932.0,885.0,901.0,1013.0,906.0,966.0,881.0,929.0
738,877.0,995.0,934.0,932.0,885.0,901.0,1010.6,906.0,966.0,881.0,928.76
739,877.0,995.0,934.0,932.0,885.0,901.0,1013.0,906.0,966.0,881.0,929.0
740,877.0,995.0,934.0,932.0,885.0,901.0,1010.5,906.0,966.0,881.0,928.75
741,877.0,995.0,934.0,932.0,885.0,901.0,1013.0,906.0,966.0,881.0,929.0
742,877.0,995.0,934.0,932.0,885.0,901.0,1013.0,906.0,966.0,881.0,929.0
743,877.0,995.0,934.0,932.0,885.0,901.0,1013.0,906.0,966.0,881.0,929.0
744,877.0,995.0,934.0,932.0,885.0,901.0,1013.0,906.0,933.8,881.0,925.78
745,877.0,995.0,934.0,932.0,885.0,901.0,1013.0,906.0,966.0,881.0,929.0
746,877.0,995.0,934.0,932.0,885.0,901.0,1013.0,906.0,966.0,881.0,929.0
747,877.0,995.0,934.0,932.0,885.0,901.0,1013.0,906.0,966.0,881.0,929.0
748,818.5333333333333,995.0,934.0,932.0,885.0,901.0,1013.0,906.0,966.0,881.0,923.1533333333333
749,879.5333333333333,995.0,934.0,932.0,885.0,901.0,1013.0,906.0,966.0,881.0,929.2533333333333
750,887.1333333333333,995.0,934.0,932.0,885.0,901.0,1013.0,906.0,963.4,881.0,929.7533333333333
751,896.0,995.0,934.0,932.0,885.0,901.0,1013.0,906.0,966.0,881.0,930.9
752,896.0,995.0,934.0,932.0,885.0,901.0,1013.0,906.0,966.0,881.0,930.9
753,896.0,995.0,934.0,932.0,885.0,901.0,1013.0,906.0,966.0,881.0,930.9
754,896.0,995.0,934.0,932.0,885.0,901.0,1013.0,906.0,966.0,881.0,930.9
755,896.0,995.0,934.0,929.4333333333333,885.0,901.0,1013.0,906.0,966.0,881.0,930.6433333333334
756,896.0,995.0,934.0,932.0,885.0,901.0,1013.0,906.0,966.0,881.0,930.9
757,896.0,995.0,934.0,932.0,885.0,901.0,1013.0,906.0,966.0,878.9,930.6899999999999
758,896.0,995.0,934.0,932.0,885.0,901.0,1013.0,906.0,966.0,881.0,930.9
759,896.0,995.0,934.0,932.0,885.0,901.0,1013.0,906.0,966.0,881.0,930.9
760,896.0,995.0,934.0,932.0,885.0,901.0,1013.0,906.0,966.0,881.0,930.9
761,953.0,995.0,934.0,932.0,885.0,901.0,1013.0,906.0,966.0,881.0,936.6
762,986.0,995.0,934.0,932.0,885.0,901.0,1013.0,906.0,966.0,881.0,939.9
763,986.0,995.0,934.0,932.0,885.0,901.0,1013.0,906.0,966.0,881.0,939.9
764,986.0,995.0,930.9666666666667,932.0,885.0,901.0,1013.0,904.6666666666666,966.0,881.0,939.4633333333334
765,986.0,995.0,934.0,932.0,885.0,901.0,1010.4333333333333,906.0,966.0,881.0,939.6433333333334
766,986.0,995.0,934.0,932.0,885.0,901.0,1010.6,906.0,966.0,881.0,939.6600000000001
767,986.0,995.0,934.0,932.0,885.0,901.0,1013.0,906.0,966.0,881.0,939.9
768,986.0,995.0,934.0,932.0,885.0,901.0,1013.0,906.0,966.0,881.0,939.9
769,986.0,995.0,934.0,932.0,885.0,901.0,1013.0,906.0,966.0,881.0,939.9
770,986.0,995.0,934.0,932.0,885.0,901.0,1013.0,906.0,966.0,881.0,939.9
771,986.0,995.0,934.0,932.0,885.0,901.0,1013.0,906.0,966.0,881.0,939.9
772,986.0,995.0,934.0,932.0,885.0,901.0,1013.0,906.0,966.0,881.0,939.9
773,986.0,995.0,934.0,932.0,885.0,901.0,1013.0,906.0,966.0,881.0,939.9
774,986.0,992.4333333333333,934.0,932.0,885.0,901.0,1013.0,906.0,966.0,881.0,939.6433333333334
775,986.0,995.0,934.0,932.0,885.0,901.0,1013.0,906.0,966.0,881.0,939.9
776,986.0,995.0,934.0,932.0,885.0,901.0,1013.0,906.0,966.0,881.0,939.9
777,986.0,995.0,934.0,932.0,885.0,901.0,1013.0,906.0,964.2,881.0,939.72
778,986.0,995.0,934.0,932.0,885.0,901.0,1013.0,906.0,966.0,881.0,939.9
779,986.0,995.0,934.0,932.0,885.0,901.0,1013.0,906.0,966.0,881.0,939.9
780,983.0,995.0,934.0,932.0,885.0,901.0,1013.0,906.0,966.0,881.0,939.6
781,953.1333333333333,995.0,934.0,932.0,885.0,901.0,1013.0,906.0,966.0,881.0,936.6133333333333
782,986.0,995.0,934.0,932.0,885.0,901.0,1013.0,906.0,966.0,881.0,939.9
783,986.0,995.0,934.0,932.0,885.0,901.0,1013.0,906.0,966.0,881.0,939.9
784,986.0,995.0,934.0,932.0,885.0,901.0,1013.0,906.0,966.0,881.0,939.9
785,986.0,995.0,934.0,932.0,885.0,901.0,1013.0,906.0,966.0,881.0,939.9
786,986.0,995.0,934.0,932.0,885.0,901.0,1013.0,906.0,966.0,881.0,939.9
787,986.0,995.0,934.0,932.0,883.6666666666666,901.0,1013.0,875.8,966.0,881.0,936.7466666666667
788,986.0,995.0,934.0,932.0,885.0,901.0,1013.0,906.0,966.0,881.0,939.9
789,986.0,995.0,934.0,932.0,885.0,901.0,1013.0,906.0,966.0,881.0,939.9
790,986.0,995.0,934.0,932.0,885.0,901.0,1013.0,906.0,966.0,881.0,939.9
791,986.0,995.0,934.0,932.0,885.0,901.0,1013.0,906.0,966.0,881.0,939.9
792,986.0,993.8333333333334,934.0,932.0,885.0,901.0,1013.0,906.0,966.0,881.0,939.7833333333334
793,986.0,995.0,934.0,932.0,885.0,901.0,1013.0,906.0,966.0,881.0,939.9
794,986.0,995.0,934.0,932.0,885.0,901.0,1013.0,906.0,966.0,881.0,939.9
795,986.0,995.0,934.0,932.0,885.0,901.0,1013.0,906.0,966.0,881.0,939.9
796,986.0,995.0,934.0,929.9,883.6666666666666,901.0,1013.0,906.0,966.0,878.5,939.3066666666666
797,986.0,995.0,931.5,932.0,885.0,901.0,1013.0,906.0,966.0,881.0,939.65
798,986.0,995.0,934.0,932.0,885.0,901.0,979.2333333333333,906.0,966.0,881.0,936.5233333333333
799,986.0,995.0,934.0,932.0,885.0,901.0,1013.0,906.0,966.0,881.0,939.9
800,986.0,995.0,934.0,932.0,885.0,901.0,1013.0,906.0,965.0333333333333,881.0,939.8033333333333
801,986.0,995.0,931.4333333333333,932.0,885.0,901.0,1013.0,906.0,963.9666666666667,881.0,939.4399999999999
802,986.0,995.0,934.0,932.0,885.0,901.0,1013.0,906.0,966.0,881.0,939.9
803,986.0,995.0,934.0,932.0,885.0,901.0,1013.0,906.0,966.0,881.0,939.9
804,986.0,995.0,934.0,932.0,885.0,901.0,1013.0,906.0,966.0,881.0,939.9
805,986.0,995.0,934.0,932.0,885.0,901.0,1013.0,906.0,966.0,881.0,939.9
806,986.0,995.0,934.0,932.0,885.0,901.0,1013.0,906.0,966.0,881.0,939.9
807,986.0,995.0,934.0,932.0,885.0,901.0,1013.0,906.0,966.0,851.6333333333333,936.9633333333334
808,986.0,995.0,934.0,932.0,885.0,901.0,1013.0,906.0,966.0,881.0,939.9
809,986.0,995.0,934.0,932.0,885.0,901.0,1010.4,906.0,966.0,881.0,939.64
810,986.0,995.0,934.0,932.0,885.0,901.0,1013.0,906.0,963.4,881.0,939.64
811,986.0,995.0,934.0,932.0,885.0,901.0,1013.0,906.0,966.0,881.0,939.9
812,986.0,995.0,934.0,932.0,885.0,901.0,1013.0,906.0,966.0,881.0,939.9
813,986.0,995.0,934.0,932.0,885.0,901.0,1013.0,906.0,966.0,881.0,939.9
814,986.0,995.0,934.0,932.0,885.0,901.0,1013.0,906.0,966.0,881.0,939.9
815,986.0,995.0,934.0,932.0,885.0,901.0,1013.0,906.0,966.0,881.0,939.9
816,986.0,995.0,934.0,932.0,885.0,901.0,1013.0,906.0,933.8,881.0,936.68
817,986.0,995.0,934.0,932.0,885.0,901.0,1013.0,906.0,966.0,881.0,939.9
818,986.0,995.0,934.0,932.0,885.0,901.0,1013.0,906.0,966.0,881.0,939.9
819,986.0,995.0,934.0,932.0,885.0,901.0,1013.0,906.0,966.0,881.0,939.9
820,986.0,995.0,934.0,932.0,885.0,901.0,1013.0,906.0,966.0,881.0,939.9
821,986.0,995.0,934.0,932.0,885.0,901.0,1013.0,906.0,966.0,881.0,939.9
822,986.0,995.0,934.0,932.0,885.0,901.0,1013.0,906.0,966.0,880.0333333333333,939.8033333333333
823,986.0,995.0,934.0,932.0,885.0,901.0,1013.0,906.0,966.0,881.0,939.9
824,986.0,995.0,934.0,932.0,885.0,901.0,1013.0,906.0,966.0,881.0,939.9
825,986.0,995.0,934.0,932.0,885.0,901.0,1013.0,906.0,966.0,881.0,939.9
826,982.9666666666667,995.0,934.0,932.0,885.0,901.0,1013.0,906.0,966.0,881.0,939.5966666666667
827,986.0,995.0,934.0,932.0,885.0,901.0,1013.0,906.0,966.0,881.0,939.9
828,986.0,995.0,934.0,932.0,885.0,901.0,1013.0,906.0,966.0,881.0,939.9
829,986.0,995.0,934.0,931.7333333333333,885.0,901.0,1013.0,906.0,963.9,881.0,939.6633333333333
830,983.5,995.0,934.0,932.0,885.0,901.0,1013.0,906.0,966.0,881.0,939.65
831,986.0,995.0,934.0,932.0,885.0,901.0,1013.0,906.0,966.0,881.0,939.9
832,986.0,992.5,934.0,931.4333333333333,885.0,901.0,1013.0,906.0,966.0,881.0,939.5933333333335
833,986.0,995.0,934.0,932.0,885.0,901.0,1013.0,906.0,966.0,881.0,939.9
834,986.0,995.0,934.0,932.0,884.4333333333333,901.0,1013.0,906.0,966.0,881.0,939.8433333333335
835,986.0,995.0,934.0,932.0,885.0,901.0,1013.0,904.4666666666667,966.0,881.0,939.7466666666667
836,986.0,995.0,934.0,932.0,885.0,901.0,1013.0,906.0,966.0,881.0,939.9
837,986.0,995.0,934.0,932.0,885.0,901.0,1013.0,906.0,966.0,881.0,939.9
838,986.0,995.0,934.0,932.0,885.0,901.0,1013.0,906.0,966.0,881.0,939.9
839,986.0,995.0,934.0,932.0,885.0,901.0,1013.0,906.0,966.0,881.0,939.9
840,986.0,995.0,934.0,932.0,885.0,901.0,1013.0,906.0,966.0,881.0,939.9
841,986.0,995.0,934.0,932.0,885.0,901.0,1013.0,906.0,966.0,881.0,939.9
842,986.0,995.0,934.0,932.0,885.0,901.0,1013.0,906.0,966.0,881.0,939.9
843,986.0,995.0,934.0,932.0,885.0,901.0,1013.0,906.0,966.0,881.0,939.9
844,986.0,995.0,934.0,932.0,885.0,901.0,1013.0,906.0,966.0,881.0,939.9
845,983.0,995.0,934.0,932.0,885.0,901.0,1013.0,906.0,966.0,881.0,939.6
846,986.0,995.0,934.0,932.0,882.9,901.0,1013.0,906.0,966.0,881.0,939.6899999999999
847,986.0,995.0,934.0,932.0,885.0,901.0,1013.0,906.0,966.0,881.0,939.9
848,986.0,995.0,934.0,932.0,885.0,901.0,1013.0,906.0,966.0,881.0,939.9
849,986.0,995.0,934.0,932.0,885.0,901.0,1013.0,906.0,966.0,881.0,939.9
850,986.0,995.0,934.0,932.0,885.0,901.0,1013.0,906.0,966.0,881.0,939.9
851,986.0,995.0,934.0,932.0,855.5,901.0,1013.0,906.0,966.0,881.0,936.95
852,986.0,995.0,934.0,932.0,885.0,898.4,1013.0,906.0,966.0,881.0,939.64
853,986.0,995.0,934.0,932.0,885.0,901.0,1013.0,906.0,966.0,881.0,939.9
854,986.0,995.0,934.0,932.0,885.0,901.0,1013.0,906.0,966.0,881.0,939.9
855,986.0,995.0,934.0,932.0,885.0,901.0,1013.0,906.0,966.0,881.0,939.9
856,986.0,995.0,934.0,932.0,881.4,901.0,1010.4,906.0,966.0,881.0,939.28
857,986.0,995.0,934.0,932.0,885.0,901.0,1013.0,906.0,966.0,881.0,939.9
858,986.0,995.0,934.0,932.0,885.0,901.0,1013.0,906.0,966.0,881.0,939.9
859,986.0,995.0,934.0,932.0,885.0,901.0,1013.0,906.0,966.0,881.0,939.9
860,983.9,995.0,934.0,932.0,885.0,901.0,1013.0,906.0,966.0,881.0,939.6899999999999
861,986.0,995.0,933.0333333333333,932.0,883.2,901.0,1013.0,906.0,966.0,881.0,939.6233333333333
862,986.0,995.0,934.0,928.9666666666667,885.0,901.0,1013.0,906.0,966.0,881.0,939.5966666666667
863,986.0,995.0,934.0,932.0,885.0,901.0,1013.0,906.0,966.0,881.0,939.9
864,986.0,992.9666666666667,933.7333333333333,932.0,885.0,901.0,1013.0,906.0,966.0,881.0,939.6700000000001
865,986.0,995.0,934.0,932.0,885.0,901.0,1012.0333333333333,906.0,966.0,881.0,939.8033333333333
866,983.4,995.0,934.0,932.0,885.0,901.0,1013.0,906.0,966.0,881.0,939.64
867,986.0,995.0,934.0,932.0,885.0,901.0,1013.0,906.0,966.0,881.0,939.9
868,986.0,995.0,934.0,932.0,885.0,901.0,1013.0,906.0,966.0,881.0,939.9
869,986.0,995.0,934.0,932.0,885.0,901.0,1013.0,906.0,966.0,881.0,939.9
870,986.0,995.0,934.0,932.0,885.0,901.0,1013.0,906.0,966.0,881.0,939.9
871,986.0,995.0,934.0,932.0,885.0,901.0,1013.0,906.0,966.0,881.0,939.9
872,986.0,995.0,934.0,932.0,885.0,901.0,1013.0,906.0,966.0,878.5,939.65
873,986.0,995.0,934.0,932.0,885.0,901.0,1013.0,903.4,966.0,881.0,939.64
874,986.0,995.0,934.0,932.0,885.0,901.0,1013.0,906.0,966.0,881.0,939.9
875,986.0,995.0,934.0,932.0,885.0,901.0,1013.0,906.0,966.0,881.0,939.9
876,986.0,995.0,934.0,932.0,885.0,901.0,1013.0,906.0,966.0,881.0,939.9
877,986.0,995.0,934.0,932.0,885.0,870.9666666666667,1013.0,906.0,966.0,878.6,936.6566666666668
878,986.0,995.0,934.0,932.0,885.0,901.0,1013.0,906.0,966.0,881.0,939.9
879,953.1333333333333,995.0,934.0,932.0,885.0,901.0,1013.0,906.0,966.0,881.0,936.6133333333333
880,986.0,995.0,933.4333333333333,932.0,885.0,901.0,1013.0,906.0,966.0,881.0,939.8433333333335
881,986.0,995.0,934.0,932.0,885.0,901.0,1013.0,906.0,966.0,881.0,939.9
882,986.0,995.0,934.0,932.0,885.0,901.0,1013.0,906.0,966.0,881.0,939.9
883,986.0,995.0,934.0,932.0,885.0,901.0,1013.0,906.0,966.0,881.0,939.9
884,986.0,995.0,931.9666666666667,929.5,885.0,901.0,1010.0,906.0,966.0,881.0,939.1466666666668
885,986.0,995.0,934.0,932.0,885.0,901.0,1013.0,906.0,966.0,881.0,939.9
886,986.0,995.0,934.0,932.0,885.0,901.0,1013.0,906.0,966.0,881.0,939.9
887,986.0,995.0,934.0,932.0,885.0,901.0,1013.0,906.0,966.0,881.0,939.9
888,986.0,995.0,934.0,932.0,885.0,901.0,1013.0,906.0,966.0,881.0,939.9
889,986.0,995.0,934.0,932.0,885.0,901.0,1013.0,906.0,966.0,881.0,939.9
890,983.5,995.0,934.0,932.0,881.9666666666667,901.0,1013.0,906.0,966.0,881.0,939.3466666666667
891,986.0,995.0,934.0,931.4333333333333,885.0,901.0,1012.7333333333333,906.0,966.0,881.0,939.8166666666668
892,986.0,995.0,934.0,932.0,885.0,901.0,1013.0,906.0,966.0,881.0,939.9
893,986.0,995.0,934.0,932.0,885.0,901.0,1013.0,906.0,966.0,881.0,939.9
894,986.0,995.0,934.0,932.0,885.0,901.0,1013.0,906.0,966.0,881.0,939.9
895,986.0,995.0,934.0,932.0,885.0,901.0,1013.0,906.0,966.0,881.0,939.9
896,986.0,995.0,934.0,932.0,885.0,901.0,1013.0,906.0,966.0,881.0,939.9
897,986.0,995.0,934.0,932.0,885.0,901.0,1013.0,906.0,966.0,881.0,939.9
898,984.4666666666667,995.0,934.0,932.0,885.0,901.0,1013.0,906.0,966.0,880.7333333333333,939.72
899,986.0,995.0,934.0,932.0,885.0,901.0,1013.0,906.0,966.0,881.0,939.9
900,986.0,995.0,934.0,932.0,885.0,901.0,1013.0,906.0,966.0,881.0,939.9
901,986.0,995.0,934.0,932.0,885.0,901.0,1013.0,906.0,963.6,881.0,939.6600000000001
902,986.0,995.0,934.0,932.0,885.0,901.0,1013.0,906.0,966.0,881.0,939.9
903,983.0,995.0,934.0,932.0,885.0,901.0,1013.0,906.0,966.0,881.0,939.6
904,986.0,995.0,934.0,932.0,882.5,901.0,1013.0,906.0,966.0,881.0,939.65
905,986.0,995.0,934.0,932.0,885.0,901.0,1013.0,906.0,966.0,881.0,939.9
906,986.0,995.0,934.0,932.0,885.0,901.0,1013.0,906.0,966.0,881.0,939.9
907,986.0,995.0,934.0,932.0,885.0,901.0,1013.0,906.0,966.0,881.0,939.9
908,986.0,995.0,934.0,932.0,885.0,901.0,1013.0,906.0,966.0,881.0,939.9
909,986.0,995.0,934.0,932.0,885.0,901.0,1013.0,906.0,966.0,881.0,939.9
910,986.0,995.0,934.0,932.0,885.0,898.9666666666667,1013.0,906.0,965.4333333333333,881.0,939.64
911,986.0,995.0,934.0,932.0,855.5,901.0,1013.0,906.0,966.0,881.0,936.95
912,986.0,994.7333333333333,934.0,932.0,885.0,901.0,1013.0,906.0,966.0,881.0,939.8733333333333
913,986.0,995.0,934.0,932.0,885.0,901.0,1013.0,906.0,966.0,881.0,939.9
914,986.0,995.0,934.0,932.0,885.0,901.0,1013.0,906.0,966.0,881.0,939.9
915,986.0,995.0,934.0,932.0,885.0,901.0,1013.0,906.0,966.0,879.6666666666666,939.7666666666667
916,986.0,995.0,932.4666666666667,932.0,885.0,901.0,1013.0,906.0,966.0,881.0,939.7466666666667
917,986.0,995.0,934.0,929.9666666666667,885.0,901.0,1013.0,906.0,966.0,879.5333333333333,939.55
918,986.0,995.0,934.0,932.0,882.5,901.0,1013.0,906.0,966.0,881.0,939.65
919,983.5,995.0,934.0,932.0,885.0,901.0,1013.0,906.0,966.0,881.0,939.65
920,986.0,995.0,934.0,932.0,885.0,901.0,1013.0,906.0,966.0,881.0,939.9
921,986.0,961.8333333333334,934.0,932.0,885.0,901.0,1013.0,906.0,962.0666666666667,881.0,936.1900000000002
922,986.0,995.0,934.0,932.0,885.0,901.0,1013.0,903.9666666666667,966.0,878.4,939.4366666666667
923,986.0,995.0,934.0,931.7333333333333,885.0,901.0,1013.0,906.0,966.0,881.0,939.8733333333333
924,986.0,995.0,934.0,932.0,885.0,901.0,1013.0,906.0,966.0,881.0,939.9
925,986.0,995.0,933.4333333333333,932.0,885.0,901.0,1013.0,906.0,966.0,881.0,939.8433333333335
926,986.0,995.0,934.0,932.0,885.0,901.0,1013.0,906.0,966.0,881.0,939.9
927,986.0,995.0,934.0,932.0,885.0,901.0,1013.0,906.0,966.0,881.0,939.9
928,986.0,995.0,934.0,932.0,884.5,901.0,1013.0,906.0,966.0,881.0,939.85
929,986.0,995.0,934.0,932.0,885.0,901.0,1013.0,906.0,966.0,881.0,939.9
930,986.0,995.0,934.0,932.0,885.0,899.6666666666666,1013.0,906.0,966.0,881.0,939.7666666666667
931,986.0,995.0,934.0,932.0,885.0,901.0,1013.0,906.0,966.0,881.0,939.9
932,986.0,995.0,934.0,932.0,885.0,901.0,1013.0,906.0,966.0,881.0,939.9
933,986.0,995.0,934.0,932.0,885.0,901.0,1013.0,906.0,966.0,881.0,939.9
934,986.0,995.0,934.0,932.0,885.0,901.0,1013.0,906.0,963.6,881.0,939.6600000000001
935,986.0,995.0,934.0,932.0,885.0,901.0,1013.0,906.0,963.4,881.0,939.64
936,986.0,995.0,933.0333333333333,932.0,885.0,901.0,1013.0,906.0,966.0,881.0,939.8033333333333
937,986.0,995.0,934.0,932.0,885.0,901.0,1013.0,906.0,966.0,881.0,939.9
938,986.0,995.0,934.0,932.0,885.0,901.0,1010.6,906.0,966.0,881.0,939.6600000000001
939,986.0,995.0,934.0,932.0,885.0,901.0,1013.0,906.0,966.0,881.0,939.9
940,986.0,995.0,934.0,932.0,883.5333333333333,901.0,1013.0,906.0,966.0,881.0,939.7533333333333
941,986.0,995.0,934.0,932.0,885.0,901.0,1013.0,906.0,966.0,881.0,939.9
942,986.0,995.0,934.0,932.0,885.0,901.0,1013.0,906.0,966.0,881.0,939.9
943,986.0,995.0,934.0,932.0,885.0,901.0,1013.0,906.0,966.0,881.0,939.9
944,986.0,995.0,932.6666666666666,932.0,885.0,901.0,1013.0,906.0,966.0,881.0,939.7666666666667
945,986.0,995.0,934.0,932.0,885.0,901.0,1013.0,906.0,966.0,881.0,939.9
946,986.0,995.0,934.0,932.0,885.0,901.0,1013.0,906.0,966.0,881.0,939.9
947,986.0,995.0,934.0,932.0,885.0,901.0,1013.0,906.0,966.0,881.0,939.9
948,986.0,995.0,934.0,932.0,885.0,901.0,1013.0,906.0,966.0,881.0,939.9
949,983.6,995.0,934.0,932.0,885.0,901.0,1013.0,906.0,966.0,881.0,939.6600000000001
950,986.0,995.0,934.0,932.0,885.0,901.0,1013.0,906.0,966.0,881.0,939.9
951,986.0,995.0,934.0,930.8333333333334,885.0,898.0,1013.0,906.0,966.0,881.0,939.4833333333333
952,986.0,995.0,934.0,932.0,885.0,901.0,1013.0,906.0,966.0,881.0,939.9
953,986.0,995.0,934.0,932.0,885.0,901.0,1013.0,906.0,966.0,881.0,939.9
954,986.0,995.0,934.0,932.0,885.0,901.0,1013.0,906.0,966.0,881.0,939.9
955,986.0,995.0,934.0,932.0,885.0,901.0,1013.0,906.0,966.0,881.0,939.9
956,986.0,995.0,934.0,932.0,885.0,901.0,1013.0,906.0,966.0,881.0,939.9
957,986.0,995.0,934.0,932.0,885.0,901.0,1013.0,906.0,966.0,881.0,939.9
958,983.4333333333333,995.0,934.0,932.0,885.0,901.0,1013.0,906.0,966.0,881.0,939.6433333333334
959,986.0,995.0,934.0,932.0,885.0,901.0,1013.0,906.0,966.0,881.0,939.9
960,986.0,995.0,934.0,932.0,885.0,901.0,1013.0,906.0,966.0,881.0,939.9
961,986.0,995.0,934.0,932.0,885.0,901.0,1013.0,906.0,966.0,881.0,939.9
962,986.0,995.0,934.0,932.0,885.0,901.0,1013.0,906.0,966.0,881.0,939.9
963,986.0,995.0,934.0,932.0,885.0,901.0,1013.0,906.0,966.0,881.0,939.9
964,986.0,995.0,934.0,932.0,885.0,901.0,1011.8333333333334,906.0,966.0,881.0,939.7833333333334
965,986.0,995.0,934.0,932.0,885.0,901.0,1013.0,906.0,966.0,881.0,939.9
966,986.0,995.0,934.0,932.0,885.0,901.0,1013.0,906.0,966.0,881.0,939.9
967,986.0,995.0,934.0,932.0,885.0,901.0,1013.0,906.0,966.0,881.0,939.9
968,986.0,995.0,934.0,932.0,885.0,901.0,1013.0,906.0,966.0,881.0,939.9
969,983.4333333333333,995.0,934.0,932.0,885.0,901.0,1013.0,906.0,966.0,881.0,939.6433333333334
970,986.0,995.0,934.0,932.0,885.0,901.0,1013.0,906.0,966.0,881.0,939.9
971,986.0,995.0,934.0,932.0,885.0,901.0,1013.0,906.0,966.0,881.0,939.9
972,986.0,995.0,934.0,932.0,885.0,901.0,1013.0,906.0,966.0,881.0,939.9
973,986.0,995.0,934.0,932.0,885.0,901.0,1013.0,906.0,966.0,881.0,939.9
974,986.0,995.0,934.0,932.0,885.0,901.0,1013.0,906.0,966.0,881.0,939.9
975,986.0,995.0,934.0,932.0,885.0,901.0,1013.0,906.0,966.0,881.0,939.9
976,986.0,995.0,934.0,932.0,885.0,901.0,1013.0,906.0,966.0,881.0,939.9
977,986.0,992.4,934.0,932.0,885.0,901.0,1013.0,906.0,966.0,881.0,939.64
978,986.0,995.0,934.0,932.0,885.0,901.0,1013.0,906.0,966.0,881.0,939.9
979,986.0,995.0,934.0,932.0,885.0,901.0,1013.0,906.0,966.0,879.6666666666666,939.7666666666667
980,986.0,995.0,934.0,932.0,885.0,901.0,1013.0,906.0,964.6666666666666,881.0,939.7666666666667
981,986.0,995.0,934.0,932.0,885.0,901.0,1013.0,906.0,966.0,881.0,939.9
982,953.1333333333333,995.0,934.0,932.0,885.0,901.0,1013.0,905.7333333333333,966.0,881.0,936.5866666666667
983,986.0,995.0,934.0,932.0,885.0,901.0,1013.0,906.0,966.0,878.6,939.6600000000001
984,986.0,995.0,934.0,932.0,885.0,901.0,1013.0,906.0,966.0,881.0,939.9
985,983.5,995.0,934.0,932.0,885.0,901.0,1013.0,906.0,966.0,881.0,939.65
986,953.1333333333333,995.0,934.0,932.0,885.0,901.0,1013.0,906.0,966.0,881.0,936.6133333333333
987,986.0,995.0,934.0,932.0,885.0,901.0,1013.0,906.0,966.0,878.5,939.65
988,986.0,995.0,934.0,932.0,885.0,901.0,1013.0,906.0,966.0,881.0,939.9
989,986.0,995.0,934.0,932.0,885.0,901.0,1013.0,906.0,966.0,881.0,939.9
990,983.4333333333333,995.0,934.0,932.0,885.0,901.0,1013.0,906.0,966.0,881.0,939.6433333333334
991,986.0,995.0,934.0,932.0,885.0,901.0,1013.0,906.0,966.0,880.5,939.85
992,986.0,995.0,933.0333333333333,932.0,885.0,901.0,1013.0,904.8333333333334,966.0,881.0,939.6866666666667
993,986.0,995.0,934.0,932.0,885.0,901.0,1013.0,906.0,966.0,881.0,939.9
994,986.0,995.0,934.0,932.0,885.0,901.0,1013.0,906.0,966.0,881.0,939.9
995,986.0,995.0,934.0,932.0,885.0,901.0,1013.0,906.0,966.0,881.0,939.9
996,986.0,993.6666666666666,934.0,932.0,885.0,901.0,1011.6666666666666,906.0,966.0,881.0,939.6333333333332
997,986.0,995.0,934.0,932.0,885.0,901.0,1013.0,906.0,966.0,881.0,939.9
998,986.0,995.0,934.0,929.4333333333333,885.0,901.0,1013.0,906.0,966.0,878.4,939.3833333333334
999,986.0,995.0,934.0,932.0,885.0,901.0,1013.0,903.5,966.0,881.0,939.65
